codingre,descrip,familia,unidad,empaque,equivale,inventa1,stockmax,stockmin,ultcosto,costoprome,impuesto,pedido,status
"0002","paprika","ABARR","GR","",1000.00,0.00,10.00,0.00,409.14,409.14,0.00,0.000,""
"0003","chile jalape밢 lata","ABARR","GG","",1000.00,0.00,10.00,0.00,102.27,102.27,0.00,0.000,""
"0004","jugo maggi","ABARR","GR","",1000.00,0.00,10.00,0.00,236.02,236.02,0.00,0.000,""
"0005","aceite de ajonjoli","ABARR","GR","",1000.00,0.00,10.00,0.00,307.79,307.79,0.00,0.000,""
"0006","salsa inglesa","ABARR","GR","",1000.00,0.00,10.00,0.00,132.06,132.06,0.00,0.000,""
"0007","almendra entera","ABARR","GR","",1000.00,0.00,10.00,0.00,241.80,241.80,0.00,0.000,""
"0008","vino rosado cocina","ABARR","GR","",1000.00,0.00,10.00,0.00,132.18,132.18,0.00,0.000,""
"0009","croutones","ABARR","GR","",1000.00,0.00,10.00,0.00,157.00,157.00,0.00,0.000,""
"0010","jarabe granadina","ABARR","GR","",1000.00,0.00,10.00,0.00,50.92,50.92,0.00,0.000,""
"0011","aceite de oliva","ABARR","GR","",1000.00,0.00,10.00,0.00,117.50,117.50,0.00,0.000,""
"0012","arandano deshidratado","ABARR","GR","",1000.00,0.00,10.00,0.00,152.87,152.87,0.00,0.000,""
"0013","mostaza dijon","ABARR","GR","",1000.00,0.00,10.00,0.00,203.69,203.69,0.00,0.000,""
"0014","salsa de soya","ABARR","GG","",1000.00,0.00,10.00,0.00,119.05,119.05,0.00,0.000,""
"0015","salsa teriyaki","ABARR","GR","",1000.00,0.00,10.00,0.00,44.45,44.45,0.00,0.000,""
"0016","cajeta","ABARR","GR","",1000.00,0.00,10.00,0.00,78.50,78.50,0.00,0.000,""
"0017","leche evaporada","ABARR","GR","",1000.00,0.00,10.00,0.00,38.00,38.00,0.00,0.000,""
"0018","aceite vegetal","ABARR","GR","",1000.00,0.00,10.00,0.00,28.70,28.70,0.00,0.000,""
"0019","sal fina","ABARR","GR","",1000.00,0.00,10.00,0.00,12.50,12.50,0.00,0.000,""
"0020","tostada charra","ABARR","GR","",1000.00,0.00,10.00,0.00,1.61,1.61,0.00,0.000,""
"0021","mayonesa","ABARR","GR","",1000.00,0.00,10.00,0.00,64.39,64.39,0.00,0.000,""
"0022","salsa catsup","ABARR","GR","",1000.00,0.00,10.00,0.00,61.21,61.21,0.00,0.000,""
"0023","vinagre blanco","ABARR","GR","",1000.00,0.00,10.00,0.00,8.41,8.41,0.00,0.000,""
"0024","leche entera","ABARR","GR","",1000.00,0.00,10.00,0.00,17.76,17.76,0.00,0.000,""
"0025","almendra en polvo","ABARR","GR","",1000.00,0.00,10.00,0.00,200.00,200.00,0.00,0.000,""
"0026","arroz blanco","ABARR","GR","",1000.00,0.00,10.00,0.00,26.60,26.60,0.00,0.000,""
"0027","azucar glass","ABARR","GR","",1000.00,0.00,10.00,0.00,33.50,33.50,0.00,0.000,""
"0028","azucar refinada","ABARR","GR","",1000.00,0.00,10.00,0.00,21.00,21.00,0.00,0.000,""
"0029","cacahuate","ABARR","GR","",1000.00,0.00,10.00,0.00,60.00,60.00,0.00,0.000,""
"0030","calahua crema coco","ABARR","GR","",1000.00,0.00,10.00,0.00,50.00,50.00,0.00,0.000,""
"0031","canela en rama","ABARR","GR","",1000.00,0.00,10.00,0.00,450.00,450.00,0.00,0.000,""
"0032","chile chipotle adob","ABARR","GR","",1000.00,0.00,10.00,0.00,66.94,66.94,0.00,0.000,""
"0033","chocolate cober osc","ABARR","GR","",1000.00,0.00,10.00,0.00,146.54,146.54,0.00,0.000,""
"0034","chongos zamoranos","ABARR","GR","",1000.00,0.00,10.00,0.00,80.77,80.77,0.00,0.000,""
"0035","churros","ABARR","GR","",1000.00,0.00,10.00,0.00,7.32,7.32,0.00,0.000,""
"0036","cocadas","ABARR","GR","",1000.00,0.00,10.00,0.00,2.75,2.75,0.00,0.000,""
"0037","coco rayado","ABARR","GR","",1000.00,0.00,10.00,0.00,36.00,36.00,0.00,0.000,""
"0038","crema balsamica","ABARR","GR","",1000.00,0.00,10.00,0.00,90.00,90.00,0.00,0.000,""
"0039","crema batida","ABARR","GR","",1000.00,0.00,10.00,0.00,244.56,244.56,0.00,0.000,""
"0040","especias cajun","ABARR","GR","",1000.00,0.00,10.00,0.00,365.03,365.03,0.00,0.000,""
"0041","frijol pinto","ABARR","GR","",1000.00,0.00,10.00,0.00,37.00,37.00,0.00,0.000,""
"0042","galleta de animalito","ABARR","GR","",1000.00,0.00,10.00,0.00,12.89,12.89,0.00,0.000,""
"0043","glucosa","ABARR","GR","",1000.00,0.00,10.00,0.00,48.00,48.00,0.00,0.000,""
"0044","grenetina","ABARR","GR","",1000.00,0.00,10.00,0.00,162.00,162.00,0.00,0.000,""
"0045","guayaba almibar","ABARR","GR","",1000.00,0.00,10.00,0.00,50.00,50.00,0.00,0.000,""
"0046","harina de trigo","ABARR","GR","",1000.00,0.00,10.00,0.00,11.10,11.10,0.00,0.000,""
"0047","jugo guayaba","ABARR","GR","",1000.00,0.00,10.00,0.00,13.90,13.90,0.00,0.000,""
"0048","leche condensada","ABARR","GR","",1000.00,0.00,10.00,0.00,55.63,55.63,0.00,0.000,""
"0049","levadura fresca","ABARR","GR","",1000.00,0.00,10.00,0.00,41.50,41.50,0.00,0.000,""
"0050","mazapan","ABARR","GG","",1000.00,0.00,10.00,0.00,3.45,3.45,0.00,0.000,""
"0051","miel de abeja","ABARR","GR","",1000.00,0.00,10.00,0.00,123.33,123.33,0.00,0.000,""
"0052","mostaza amarilla","ABARR","GR","",1000.00,0.00,10.00,0.00,76.71,76.71,0.00,0.000,""
"0053","nutella","ABARR","GR","",1000.00,0.00,10.00,0.00,150.53,150.53,0.00,0.000,""
"0054","pasta fideo","ABARR","GR","",1000.00,0.00,10.00,0.00,26.67,26.67,0.00,0.000,""
"0055","pasta spaghetti","ABARR","GR","",1000.00,0.00,10.00,0.00,26.67,26.67,0.00,0.000,""
"0056","pepita de girasol","ABARR","GR","",1000.00,0.00,10.00,0.00,54.00,54.00,0.00,0.000,""
"0057","pepita verde","ABARR","GR","",1000.00,0.00,10.00,0.00,72.57,72.57,0.00,0.000,""
"0058","polvo para hornear","ABARR","GR","",1000.00,0.00,10.00,0.00,92.27,92.27,0.00,0.000,""
"0059","sal amarilla","ABARR","GR","",1000.00,0.00,10.00,0.00,78.00,78.00,0.00,0.000,""
"0060","sal de grano","ABARR","GR","",1000.00,0.00,10.00,0.00,8.75,8.75,0.00,0.000,""
"0061","semilla girasol","ABARR","GR","",1000.00,0.00,10.00,0.00,47.62,47.62,0.00,0.000,""
"0062","vainilla liquida","ABARR","GR","",1000.00,0.00,10.00,0.00,43.96,43.96,0.00,0.000,""
"0063","vinagre de frambuesa","ABARR","GR","",1000.00,0.00,10.00,0.00,140.00,140.00,0.00,0.000,""
"0064","vino tinto cocina","ABARR","GR","",1000.00,0.00,10.00,0.00,56.30,56.30,0.00,0.000,""
"0065","galletas salmas","ABARR","GR","",1000.00,0.00,10.00,0.00,2.53,2.53,0.00,0.000,""
"0066","agua de garrafon","ABARR","GR","",1000.00,0.00,10.00,0.00,1.40,1.40,0.00,0.000,""
"0067","huevo","ABARR","GR","",1000.00,0.00,10.00,0.00,1.20,1.20,0.00,0.000,""
"0068","salsa bbq","ABARR","GR","",1000.00,0.00,10.00,0.00,56.04,56.04,0.00,0.000,""
"0069","pinguinos","ABARR","GR","",1000.00,0.00,10.00,0.00,3.06,3.06,0.00,0.000,""
"0070","salsa tabasco","ABARR","GR","",1000.00,0.00,10.00,0.00,723.33,723.33,0.00,0.000,""
"0071","condimix de pollo","ABARR","GR","",1000.00,0.00,10.00,0.00,92.01,92.01,0.00,0.000,""
"0072","mango en almibar","ABARR","GR","",1000.00,0.00,10.00,0.00,47.01,47.01,0.00,0.000,""
"0073","ate de guayaba","ABARR","GR","",1000.00,0.00,10.00,0.00,50.00,50.00,0.00,0.000,""
"0074","frijol negro","ABARR","GR","",1000.00,0.00,10.00,0.00,32.52,32.52,0.00,0.000,""
"0075","maizena","ABARR","GR","",1000.00,0.00,10.00,0.00,62.33,62.33,0.00,0.000,""
"0076","elote en grano lata","ABARR","GR","",1000.00,0.00,10.00,0.00,35.00,35.00,0.00,0.000,""
"0077","condimix de res","ABARR","GR","",1000.00,0.00,10.00,0.00,153.64,153.64,0.00,0.000,""
"0078","galletas marias","ABARR","GR","",1000.00,0.00,10.00,0.00,50.00,50.00,0.00,0.000,""
"0079","chocolate abuelita","ABARR","GR","",1000.00,0.00,10.00,0.00,121.10,121.10,0.00,0.000,""
"0080","amaranto","ABARR","GR","",1000.00,0.00,10.00,0.00,33.04,33.04,0.00,0.000,""
"0081","canela en polvo","ABARR","GR","",1000.00,0.00,10.00,0.00,150.00,150.00,0.00,0.000,""
"0082","anchoas","ABARR","GR","",1000.00,0.00,10.00,0.00,1.00,1.00,0.00,0.000,""
"0083","dulce de leche","ABARR","GR","",1000.00,0.00,10.00,0.00,87.11,87.11,0.00,0.000,""
"0084","pulpa guanabana","ABARR","GR","",1000.00,0.00,10.00,0.00,62.50,62.50,0.00,0.000,""
"0085","tajin","ABARR","G}","",1000.00,0.00,10.00,0.00,121.28,121.28,0.00,0.000,""
"0086","balsamico de pera","ABARR","ML","",1000.00,0.00,10.00,0.00,250.00,250.00,0.00,0.000,""
"0087","pulque","ABARR","ML","",1000.00,0.00,10.00,0.00,15.00,15.00,0.00,0.000,""
"0088","sal marina","ABARR","GR","",1000.00,0.00,10.00,0.00,55.00,55.00,0.00,0.000,""
"BRAM","ALMA DE MAGNO","BRAND","ML","",750.00,0.00,2.00,0.00,289.66,289.67,16.00,0.000,""
"BRAZ","AZTECA DE ORO 750 ML","BRAND","ML","",750.00,0.00,2.00,0.00,108.62,108.62,16.00,0.000,""
"BRCI","CARLOS I","BRAND","ML","",750.00,0.00,2.00,0.00,482.76,482.02,16.00,0.000,""
"BRCM","CARDENAL DE MENDOZA","BRAND","ML","",750.00,0.00,0.00,0.00,761.77,677.01,16.00,0.000,""
"BRDA","DUQUE DE ALBA","BRAND","ML","",700.00,0.00,0.00,0.00,582.80,291.40,16.00,0.000,""
"BRFA","FERNANDO CASTILLA ANTIQUE","BRAND","","",750.00,0.00,0.00,0.00,500.00,0.00,0.00,0.000,""
"BRFC","FERNANDO DE CASTILLA","BRAND","ML","",750.00,0.00,0.00,0.00,215.52,107.76,16.00,0.000,""
"BRFU","FUNDADOR","BRAND","ML","",700.00,0.00,0.00,0.00,150.00,150.00,16.00,0.000,""
"BRJI","JAIME I","BRAND","ML","",750.00,0.00,0.00,0.00,1.00,0.00,16.00,0.000,""
"BRMA","MAGNO","BRAND","ML","",750.00,0.00,8.00,0.00,170.69,170.69,16.00,0.000,""
"BRPR","PRESIDENTE","BRAND","ML","",940.00,0.00,0.00,0.00,68.70,68.02,0.00,0.000,""
"BRT1","TORRES 15","BRAND","ML","",750.00,0.00,4.00,0.00,366.38,366.38,16.00,0.000,""
"BRT5","TORRES 5 A벮S","BRAND","ML","",750.00,0.00,8.00,0.00,129.79,139.90,0.00,0.000,""
"BRT9","TERRY 1900","BRAND","ML","",700.00,0.00,0.00,0.00,169.57,157.89,0.00,0.000,""
"BRTD","TORRES DIEZ","BRAND","ML","",750.00,0.00,12.00,0.00,197.41,197.42,16.00,0.000,""
"BRTE","TERRY CENTENARIO 750 ML.","BRAND","ML","",750.00,0.00,0.00,0.00,206.03,206.03,16.00,0.000,""
"BRTV","TORRES 20 A벮S","BRAND","ML","",750.00,0.00,2.00,0.00,642.24,641.23,16.00,0.000,""
"0089","short rib c/h","CARNE","GR","",1000.00,0.00,10.00,0.00,309.77,309.77,0.00,0.000,""
"0090","pica바","CARNE","GR","",1000.00,0.00,10.00,0.00,168.91,168.91,0.00,0.000,""
"0091","pechuga de pollo","CARNE","GR","",1000.00,0.00,10.00,0.00,91.40,91.40,0.00,0.000,""
"0092","rib eye","CARNE","GR","",1000.00,0.00,10.00,0.00,275.00,275.00,0.00,0.000,""
"0093","cabeza de res","CARNE","GR","",1000.00,0.00,10.00,0.00,107.13,107.13,0.00,0.000,""
"0094","chicharron de cerdo","CARNE","GR","",1000.00,0.00,10.00,0.00,120.91,120.91,0.00,0.000,""
"0095","pierna de cerdo","CARNE","GR","",1000.00,0.00,10.00,0.00,91.04,91.04,0.00,0.000,""
"0096","asientos chicharron","CARNE","GR","",1000.00,0.00,10.00,0.00,120.00,120.00,0.00,0.000,""
"0097","tlalitos de cerdo","CARNE","GR","",1000.00,0.00,10.00,0.00,120.00,120.00,0.00,0.000,""
"0098","cecina","CARNE","GR","",1000.00,0.00,10.00,0.00,249.89,249.89,0.00,0.000,""
"0099","chamorro de cerdo","CARNE","GR","",1000.00,0.00,10.00,0.00,72.83,72.83,0.00,0.000,""
"0100","filete de res","CARNE","GR","",1000.00,0.00,10.00,0.00,316.44,316.44,0.00,0.000,""
"0101","suadero","CARNE","GR","",1000.00,0.00,10.00,0.00,115.94,115.94,0.00,0.000,""
"0102","carne molida res","CARNE","GR","",1000.00,0.00,10.00,0.00,114.70,114.70,0.00,0.000,""
"0103","retazo de pollo","CARNE","GR","",1000.00,0.00,10.00,0.00,33.35,33.35,0.00,0.000,""
"0104","chicharron prensado","CARNE","GR","",1000.00,0.00,10.00,0.00,84.84,84.84,0.00,0.000,""
"0105","manteca de cerdo","CARNE","GR","",1000.00,0.00,10.00,0.00,30.25,30.25,0.00,0.000,""
"0106","arrachera texana","CARNE","GR","",1000.00,0.00,10.00,0.00,240.00,240.00,0.00,0.000,""
"0107","hueso tuetano","CARNE","GR","",1000.00,0.00,10.00,0.00,50.00,50.00,0.00,0.000,""
"0108","machaca","CARNE","GR","",1000.00,0.00,10.00,0.00,569.56,569.56,0.00,0.000,""
"0109","lechon","CARNE","GR","",1000.00,0.00,10.00,0.00,152.04,152.04,0.00,0.000,""
"CEA9","ODULS S/ALCOHOL","CERVE","PZ","",355.00,0.00,10.00,0.00,8.90,0.00,0.00,0.000,""
"CEBA","BARRIL DE CERVEZA","CERVE","PZ","",12000.0,0.00,10.00,0.00,853.00,0.00,16.00,0.000,""
"CEBN","BOCANEGRA","CERVE","PZ","",355.00,0.00,10.00,0.00,18.28,18.28,16.00,0.000,""
"CEBO","BOHEMIA CLARA","CERVE","PZ","",355.00,0.00,10.00,0.00,9.99,9.87,0.00,0.000,""
"CEBS","BOHEMIA OSCURA","CERVE","PZ","",355.00,0.00,10.00,0.00,9.98,9.99,0.00,0.000,""
"CEBU","BUDWISER","CERVE","PZ","",24.00,0.00,10.00,0.00,11.75,6.37,16.00,0.000,""
"CECA","CUCAPA AMBAR","CERVE","PZ","",1.00,0.00,10.00,0.00,19.83,15.12,16.00,0.000,""
"CECB","CUCAPA OBSCURA","CERVE","PZ","",1.00,0.00,10.00,0.00,19.83,17.47,16.00,0.000,""
"CECC","CUCAPA CLASICA","CERVE","PZ","",1.00,0.00,10.00,0.00,19.83,15.12,16.00,0.000,""
"CECL","CORONA LIGHT","CERVE","PZ","",355.00,0.00,10.00,0.00,7.58,7.58,16.00,0.000,""
"CECO","TECATE","CERVE","PZ","",325.00,0.00,10.00,0.00,7.24,7.24,0.00,0.000,""
"CECR","CORONA","CERVE","PZ","",355.00,0.00,10.00,0.00,8.69,8.70,16.00,0.000,""
"CEGH","GOUSE ISL.HONKER","CERVE","PZ","",355.00,0.00,10.00,0.00,1.00,0.00,16.00,0.000,""
"CEGS","GOUSE ISLAND SOFIE","CERVE","PZ","",355.00,0.00,10.00,0.00,1.00,0.00,16.00,0.000,""
"CEHE","HEINEKEN","CERVE","PZ","",355.00,0.00,10.00,0.00,13.00,13.00,0.00,0.000,""
"CEHO","HOOGARDEN","CERVE","PZ","",355.00,0.00,10.00,0.00,29.00,15.00,0.00,0.000,""
"CELE","LEON NEGRA CERVEZA","CERVE","PZ","",355.00,0.00,10.00,0.00,8.69,8.71,16.00,0.000,""
"CEML","MODELO LIGHT","CERVE","PZ","",325.00,0.00,10.00,0.00,4.67,4.67,0.00,0.000,""
"CEMS","MODELO ESP.BOTELLA 355 ML","CERVE","PZ","",355.00,0.00,10.00,0.00,9.45,9.46,16.00,0.000,""
"CENM","NEGRA MODELO","CERVE","PZ","",355.00,0.00,10.00,0.00,9.45,9.46,16.00,0.000,""
"CEOL","ODULS","CERVE","PZ","",355.00,0.00,10.00,0.00,9.89,9.31,16.00,0.000,""
"CEOS","OSADIA","CERVE","PZ","",355.00,0.00,10.00,0.00,1.00,0.00,16.00,0.000,""
"CEPA","PACIFICO","CERVE","PZ","",355.00,0.00,10.00,0.00,8.24,8.25,16.00,0.000,""
"CEQU","QUILMES","CERVE","PZ","",355.00,0.00,10.00,0.00,25.00,20.71,0.00,0.000,""
"CESA","SAGA","CERVE","PZ","",355.00,0.00,10.00,0.00,1.00,0.00,16.00,0.000,""
"CESE","STELLA","CERVE","PZ","",24.00,0.00,10.00,0.00,16.38,27.76,16.00,0.000,""
"CESL","SOL LIGTH","CERVE","PZ","",355.00,0.00,10.00,0.00,5.00,0.00,0.00,0.000,""
"CESO","SOL CERVEZA","CERVE","PZ","",355.00,0.00,10.00,0.00,7.25,7.30,0.00,0.000,""
"CEST","STRONGBOW GOLD","CERVE","PZ","",355.00,0.00,10.00,0.00,1.00,0.00,0.00,0.000,""
"CEVI","VICTORIA","CERVE","PZ","",355.00,0.00,10.00,0.00,8.69,8.70,16.00,0.000,""
"CEXY","XY REGEL","CERVE","PZ","",355.00,0.00,10.00,0.00,1.00,0.00,0.00,0.000,""
"INDI","INDIO PREMIER BOT 325 MLS","CERVE","PP","",3900.00,0.00,10.00,0.00,7.24,7.39,0.00,0.000,""
"TELI","TECATE LIGHT","CERVE","PZ","",355.00,0.00,10.00,0.00,7.25,7.26,0.00,0.000,""
"XXAM","XX AMBAR 24/2 325 MLS","CERVE","PZ","",7800.00,0.00,10.00,0.00,8.44,20.63,0.00,0.000,""
"XXLA","XX LAGGER 1X24 BOT 325ML","CERVE","PZ","",7800.00,0.00,10.00,0.00,8.44,8.44,0.00,0.000,""
"CHBB","MOET BABY BRUT","CHAMP","ML","",200.00,0.00,10.00,0.00,251.42,252.94,0.00,0.000,""
"CHBN","MOET BABY NECTAR","CHAMP","ML","",355.00,0.00,10.00,0.00,300.00,0.00,0.00,0.000,""
"CHBR","MOET BABY ROSE","CHAMP","ML","",355.00,0.00,10.00,0.00,300.00,0.00,0.00,0.000,""
"CHDL","DOM PERIGNON LUMINUS","CHAMP","ML","",750.00,0.00,10.00,0.00,1.00,0.00,0.00,0.000,""
"CHDM","DOM PERIGNON","CHAMP","ML","",750.00,0.00,10.00,0.00,3089.14,2118.93,16.00,0.000,""
"CHDR","DOM PERIGNON ROSE","CHAMP","ML","",750.00,0.00,10.00,0.00,700.00,0.00,0.00,0.000,""
"CHJB","JOUDE BLASON ROSE","CHAMP","ML","",750.00,0.00,10.00,0.00,1.00,0.00,0.00,0.000,""
"CHM1","MOET BRUT 1.5 LTS","CHAMP","ML","",1500.00,0.00,10.00,0.00,1383.34,1190.68,0.00,0.000,""
"CHM3","MOET CHANDON 3 LTS","CHAMP","ML","",3000.00,0.00,10.00,0.00,1.00,0.00,0.00,0.000,""
"CHM6","MOET CHANDON 6 LTS","CHAMP","ML","",6000.00,0.00,10.00,0.00,1.00,0.00,0.00,0.000,""
"CHMC","MOET BRUT","CHAMP","ML","",750.00,0.00,10.00,0.00,830.43,826.13,16.00,0.000,""
"CHMI","MOET CHANDON ICE","CHAMP","ML","",750.00,0.00,10.00,0.00,1006.50,942.14,16.00,0.000,""
"CHMR","MOET ROSE","CHAMP","ML","",750.00,0.00,10.00,0.00,1003.23,916.27,16.00,0.000,""
"CHMU","MUMM","CHAMP","ML","",750.00,0.00,10.00,0.00,535.72,567.33,0.00,0.000,""
"CHNE","MOET NECTAR","CHAMP","ML","",750.00,0.00,10.00,0.00,883.66,808.68,16.00,0.000,""
"CHNR","MOET NECTAR ROSE","CHAMP","ML","",750.00,0.00,10.00,0.00,897.41,860.72,16.00,0.000,""
"CHPB","PERRIER G.BRUT 750","CHAMP","ML","",750.00,0.00,10.00,0.00,566.86,326.68,0.00,0.000,""
"CHPJ","PERRIER JOUDE 200 ML","CHAMP","ML","",200.00,0.00,10.00,0.00,171.98,86.49,0.00,0.000,""
"CHVC","VEUVE CLICQUOT","CHAMP","ML","",750.00,0.00,10.00,0.00,700.00,0.00,0.00,0.000,""
"CHVP","VEUVE CLIQUOT PONSARDINI","CHAMP","ML","",750.00,0.00,10.00,0.00,1.00,0.00,0.00,0.000,""
"CG01","CIGARRO BLANCO","CIGAR","pz","",10.00,0.00,10.00,0.00,49.26,49.26,0.00,0.000,""
"CG02","CIGARRO ROJO","CIGAR","pz","",10.00,0.00,10.00,0.00,49.26,49.26,0.00,0.000,""
"CIMR","CIGARRO","CIGAR","PZ","",1.00,0.00,10.00,0.00,18.76,18.78,0.00,0.000,""
"CGCV","COURVOISIER VSOP","COGNA","ML","",700.00,0.00,10.00,0.00,286.96,286.97,0.00,0.000,""
"CGCX","COURVOISIER X.O.","COGNA","ML","",700.00,0.00,10.00,0.00,1182.00,0.00,0.00,0.000,""
"CGHV","HENNESY VSOP","COGNA","ML","",700.00,0.00,10.00,0.00,905.78,887.25,16.00,0.000,""
"CGMM","MARTEL V.S.O.P MEDALLON","COGNA","ML","",700.00,0.00,10.00,0.00,564.66,564.04,16.00,0.000,""
"CGRM","REMY MARTIN","COGNA","ML","",750.00,0.00,10.00,0.00,303.48,303.48,0.00,0.000,""
"CGVS","REMY MARTIN VS","COGNA","ML","",750.00,0.00,10.00,0.00,300.00,242.00,0.00,0.000,""
"CGXO","HENNESY VSOP","COGNA","ML","",750.00,0.00,2.00,0.00,2771.97,1385.99,16.00,0.000,""
"COHV","HENNESY VS","COGNA","ML","",750.00,0.00,2.00,0.00,550.95,275.48,16.00,0.000,""
"COMV","MARTELL V.S.","COGNA","ML","",750.00,0.00,2.00,0.00,100.00,0.00,0.00,0.000,""
"MARV","MARTELL VSOP","COGNA","ML","",1.00,0.00,4.00,0.00,564.66,564.66,16.00,0.000,""
"WHCV","COUVOISIER VS","COGNA","ML","",750.00,0.00,10.00,0.00,1.00,0.00,0.00,0.000,""
"WHMX","MARTELL XO","COGNA","ML","",750.00,0.00,10.00,0.00,1800.00,0.00,0.00,0.000,""
"0110","arrachera 1kg","COMIS","PZ","A",1000.00,0.00,10.00,0.00,375.00,375.00,0.00,0.000,""
"0111","pica바 300g","COMIS","PZ","",1000.00,0.00,10.00,0.00,90.00,90.00,0.00,0.000,""
"0112","arrachera 300g","COMIS","PZ","",1000.00,0.00,10.00,0.00,103.43,103.43,0.00,0.000,""
"0113","arrachera 200g","COMIS","PZ","",1000.00,0.00,10.00,0.00,73.00,73.00,0.00,0.000,""
"0114","rib eye angus","COMIS","PZ","",1000.00,0.00,10.00,0.00,375.00,375.00,0.00,0.000,""
"0115","new york 300g","COMIS","PZ","",1000.00,0.00,10.00,0.00,130.00,130.00,0.00,0.000,""
"0116","tomahawk 1kg","COMIS","PZ","",1000.00,0.00,10.00,0.00,635.00,635.00,0.00,0.000,""
"0117","arrachera 100g","COMIS","PZ","",1000.00,0.00,10.00,0.00,34.88,34.88,0.00,0.000,""
"0118","vacio 300g","COMIS","PZ","",1000.00,0.00,10.00,0.00,106.00,106.00,0.00,0.000,""
"0119","rib eye choice 300g","COMIS","PZ","",1000.00,0.00,10.00,0.00,110.00,110.00,0.00,0.000,""
"0120","rib eye nacional","COMIS","GR","",1000.00,0.00,10.00,0.00,190.00,190.00,0.00,0.000,""
"0121","papa francesa","CONGE","GR","",1000.00,0.00,10.00,0.00,33.86,33.86,0.00,0.000,""
"0122","nuggets de pollo","CONGE","GR","",1000.00,0.00,10.00,0.00,68.73,68.73,0.00,0.000,""
"0123","helado vainilla","CONGE","GR","",1000.00,0.00,10.00,0.00,113.40,113.40,0.00,0.000,""
"0124","chorizo rojo","EMBUT","GR","",1000.00,0.00,10.00,0.00,73.76,73.76,0.00,0.000,""
"0125","jamon de pavo","EMBUT","GR","",1000.00,0.00,10.00,0.00,107.19,107.19,0.00,0.000,""
"0126","chistorra","EMBUT","GR","",1000.00,0.00,10.00,0.00,105.00,105.00,0.00,0.000,""
"0127","tocino","EMBUT","GR","",1000.00,0.00,10.00,0.00,89.41,89.41,0.00,0.000,""
"0128","longaniza","EMBUT","GR","",1000.00,0.00,10.00,0.00,64.00,64.00,0.00,0.000,""
"0129","clavo de olor","ESPEC","GR","",1000.00,0.00,10.00,0.00,114.95,114.95,0.00,0.000,""
"0130","tomillo","ESPEC","GR","",1000.00,0.00,10.00,0.00,86.80,86.80,0.00,0.000,""
"0131","hoja de aguacate","ESPEC","GR","",1000.00,0.00,10.00,0.00,39.00,39.00,0.00,0.000,""
"0132","comino","ESPEC","GR","",1000.00,0.00,10.00,0.00,70.76,70.76,0.00,0.000,""
"0133","nuez quebrada","ESPEC","GR","",1000.00,0.00,10.00,0.00,280.00,280.00,0.00,0.000,""
"0134","pimienta blanca mol","ESPEC","GR","",1000.00,0.00,10.00,0.00,362.50,362.50,0.00,0.000,""
"0135","romero","ESPEC","GR","",1000.00,0.00,10.00,0.00,24.11,24.11,0.00,0.000,""
"0136","pimienta negra moli","ESPEC","GR","",1000.00,0.00,10.00,0.00,276.00,276.00,0.00,0.000,""
"0137","pimienta limon","ESPEC","GR","",1000.00,0.00,10.00,0.00,315.31,315.31,0.00,0.000,""
"0138","laurel","ESPEC","GR","",1000.00,0.00,10.00,0.00,43.75,43.75,0.00,0.000,""
"0139","pepita de calabaza","ESPEC","GR","",1000.00,0.00,10.00,0.00,72.50,72.50,0.00,0.000,""
"0140","oregano seco","ESPEC","GR","",1000.00,0.00,10.00,0.00,35.00,35.00,0.00,0.000,""
"0141","pimienta negra ente","ESPEC","GR","",1000.00,0.00,10.00,0.00,528.59,528.59,0.00,0.000,""
"0142","fresa","FRUTA","GR","",1000.00,0.00,10.00,0.00,143.00,143.00,0.00,0.000,""
"0143","chile morita","FRUTA","GR","",1000.00,0.00,10.00,0.00,116.03,116.03,0.00,0.000,""
"0144","apio","FRUTA","GR","",1000.00,0.00,10.00,0.00,35.75,35.75,0.00,0.000,""
"0145","chile caribe밢","FRUTA","GR","",1000.00,0.00,10.00,0.00,45.05,45.05,0.00,0.000,""
"0146","zarzamora","FRUTA","GR","",1000.00,0.00,10.00,0.00,210.30,210.30,0.00,0.000,""
"0147","papa alpha","FRUTA","GR","",1000.00,0.00,10.00,0.00,39.00,39.00,0.00,0.000,""
"0148","chile guajillo","FRUTA","GR","",1000.00,0.00,10.00,0.00,133.77,133.77,0.00,0.000,""
"0149","tomate verde","FRUTA","GR","",1000.00,0.00,10.00,0.00,51.75,51.75,0.00,0.000,""
"0150","huitlacoche","FRUTA","GR","",1000.00,0.00,10.00,0.00,50.05,50.05,0.00,0.000,""
"0151","limon semilla","FRUTA","GR","",1000.00,0.00,10.00,0.00,32.28,32.28,0.00,0.000,""
"0152","chile mulato","FRUTA","GR","",1000.00,0.00,10.00,0.00,128.63,128.63,0.00,0.000,""
"0153","cebolla cambray bla","FRUTA","GR","",1000.00,0.00,10.00,0.00,30.42,30.42,0.00,0.000,""
"0154","chile chiltepin","FRUTA","GR","",1000.00,0.00,10.00,0.00,568.31,568.31,0.00,0.000,""
"0155","lechuga orejona","FRUTA","GR","",1000.00,0.00,10.00,0.00,24.38,24.38,0.00,0.000,""
"0156","chile arbol seco","FRUTA","GR","",1000.00,0.00,10.00,0.00,150.94,150.94,0.00,0.000,""
"0157","flores comestibles pz","FRUTA","GR","",1000.00,0.00,10.00,0.00,3.25,3.25,0.00,0.000,""
"0158","chile jalape밢","FRUTA","GR","",1000.00,0.00,10.00,0.00,25.03,25.03,0.00,0.000,""
"0159","frambuesa","FRUTA","GR","",1000.00,0.00,10.00,0.00,200.74,200.74,0.00,0.000,""
"0160","chile ancho","FRUTA","GR","",1000.00,0.00,10.00,0.00,125.73,125.73,0.00,0.000,""
"0161","cebollin","FRUTA","GR","",1000.00,0.00,10.00,0.00,60.00,60.00,0.00,0.000,""
"0162","chile anaheim","FRUTA","GR","",1000.00,0.00,10.00,0.00,93.50,93.50,0.00,0.000,""
"0163","chile cascabel","FRUTA","GR","",1000.00,0.00,10.00,0.00,150.94,150.94,0.00,0.000,""
"0164","chile tampico","FRUTA","GR","",1000.00,0.00,10.00,0.00,31.50,31.50,0.00,0.000,""
"0165","coco natural","FRUTA","GR","",1000.00,0.00,10.00,0.00,60.00,60.00,0.00,0.000,""
"0166","hoja santa","FRUTA","GR","",1000.00,0.00,10.00,0.00,39.00,39.00,0.00,0.000,""
"0167","jicama","FRUTA","GR","",1000.00,0.00,10.00,0.00,9.35,9.35,0.00,0.000,""
"0168","pera","FRUTA","GR","",1000.00,0.00,10.00,0.00,52.50,52.50,0.00,0.000,""
"0169","pulpa de maracuya","FRUTA","GR","",1000.00,0.00,10.00,0.00,68.25,68.25,0.00,0.000,""
"0170","papa saratoga","FRUTA","GG","",1000.00,0.00,10.00,0.00,113.30,113.30,0.00,0.000,""
"0171","uva","FRUTA","GR","",1000.00,0.00,10.00,0.00,88.73,88.73,0.00,0.000,""
"0172","platano macho","FRUTA","GR","",1000.00,0.00,10.00,0.00,21.06,21.06,0.00,0.000,""
"0173","aguacate","FRUTA","GR","",1000.00,0.00,10.00,0.00,58.50,58.50,0.00,0.000,""
"0174","jengibre","FRUTA","GR","",1000.00,0.00,10.00,0.00,18.75,18.75,0.00,0.000,""
"0175","jitomate bola","FRUTA","GR","",1000.00,0.00,10.00,0.00,18.89,18.89,0.00,0.000,""
"0176","naranja","FRUTA","GR","",1000.00,0.00,10.00,0.00,8.13,8.13,0.00,0.000,""
"0177","jitomate saladete","FRUTA","GR","",1000.00,0.00,10.00,0.00,15.60,15.60,0.00,0.000,""
"0178","lechuga sangria","FRUTA","GR","",1000.00,0.00,10.00,0.00,17.16,17.16,0.00,0.000,""
"0179","lemongrass","FRUTA","GR","",1000.00,0.00,10.00,0.00,40.00,40.00,0.00,0.000,""
"0180","mango ataulfo","FRUTA","GR","",1000.00,0.00,10.00,0.00,52.10,52.10,0.00,0.000,""
"0181","chile manzano amari","FRUTA","GR","",1000.00,0.00,10.00,0.00,52.50,52.50,0.00,0.000,""
"0182","pimiento morron rojo","FRUTA","GR","",1000.00,0.00,10.00,0.00,47.32,47.32,0.00,0.000,""
"0183","cebolla morada","FRUTA","GR","",1000.00,0.00,10.00,0.00,14.30,14.30,0.00,0.000,""
"0184","nopal","FRUTA","GR","",1000.00,0.00,10.00,0.00,1.30,1.30,0.00,0.000,""
"0185","papa cambray","FRUTA","GR","",1000.00,0.00,10.00,0.00,32.50,32.50,0.00,0.000,""
"0186","pera lechera","FRUTA","GR","",1000.00,0.00,10.00,0.00,33.00,33.00,0.00,0.000,""
"0187","champinon","FRUTA","GR","",1000.00,0.00,10.00,0.00,90.81,90.81,0.00,0.000,""
"0188","limon sin semilla","FRUTA","GR","",1000.00,0.00,10.00,0.00,7.50,7.50,0.00,0.000,""
"0189","chile relleno","FRUTA","GR","",1000.00,0.00,10.00,0.00,35.00,35.00,0.00,0.000,""
"0190","zanahoria","FRUTA","GR","",1000.00,0.00,10.00,0.00,13.52,13.52,0.00,0.000,""
"0191","cebolla blanca","FRUTA","GR","",1000.00,0.00,10.00,0.00,8.58,8.58,0.00,0.000,""
"0192","pepino","FRUTA","GR","",1000.00,0.00,10.00,0.00,16.50,16.50,0.00,0.000,""
"0193","ajonjoli blanco","FRUTA","GR","",1000.00,0.00,10.00,0.00,71.50,71.50,0.00,0.000,""
"0194","manzana verde","FRUTA","GR","",1000.00,0.00,10.00,0.00,67.60,67.60,0.00,0.000,""
"0195","menta","FRUTA","GR","",1000.00,0.00,10.00,0.00,67.60,67.60,0.00,0.000,""
"0196","rabano grande","FRUTA","GR","",1000.00,0.00,10.00,0.00,13.00,13.00,0.00,0.000,""
"0197","chile chipotle seco","FRUTA","GR","",1000.00,0.00,10.00,0.00,208.69,208.69,0.00,0.000,""
"0198","cilantro recio","FRUTA","GR","",1000.00,0.00,10.00,0.00,33.80,33.80,0.00,0.000,""
"0199","lechuga romana","FRUTA","GR","",1000.00,0.00,10.00,0.00,16.25,16.25,0.00,0.000,""
"0200","cilantro","FRUTA","GG","",1000.00,0.00,10.00,0.00,20.28,20.28,0.00,0.000,""
"0201","chile pasilla","FRUTA","GR","",1000.00,0.00,10.00,0.00,132.99,132.99,0.00,0.000,""
"0202","ajo blanco","FRUTA","GR","",1000.00,0.00,10.00,0.00,71.50,71.50,0.00,0.000,""
"0203","chile habanero","FRUTA","GR","",1000.00,0.00,10.00,0.00,39.38,39.38,0.00,0.000,""
"0204","sandia","FRUTA","GR","",1000.00,0.00,10.00,0.00,24.11,24.11,0.00,0.000,""
"0205","ajonjoli negro","FRUTA","GR","",1000.00,0.00,10.00,0.00,55.00,55.00,0.00,0.000,""
"0206","perejil liso","FRUTA","GR","",1000.00,0.00,10.00,0.00,16.90,16.90,0.00,0.000,""
"0207","espinaca","FRUTA","GR","",1000.00,0.00,10.00,0.00,38.50,38.50,0.00,0.000,""
"0208","epazote verde","FRUTA","GR","",1000.00,0.00,10.00,0.00,20.28,20.28,0.00,0.000,""
"0209","flor de calabaza","FRUTA","GR","",1000.00,0.00,10.00,0.00,69.68,69.68,0.00,0.000,""
"0210","chile poblano","FRUTA","GR","",1000.00,0.00,10.00,0.00,24.96,24.96,0.00,0.000,""
"0211","chicharo japones","FRUTA","GR","",1000.00,0.00,10.00,0.00,50.05,50.05,0.00,0.000,""
"0212","pasas","FRUTA","GR","",1000.00,0.00,10.00,0.00,57.33,57.33,0.00,0.000,""
"0213","pimiento morron verde","FRUTA","GR","",1000.00,0.00,10.00,0.00,47.32,47.32,0.00,0.000,""
"0214","pera panochera","FRUTA","GR","",1000.00,0.00,10.00,0.00,15.00,15.00,0.00,0.000,""
"0215","jitomate cherry rojo","FRUTA","GR","",1000.00,0.00,10.00,0.00,50.56,50.56,0.00,0.000,""
"0216","pi바","FRUTA","GR","",1000.00,0.00,10.00,0.00,15.61,15.61,0.00,0.000,""
"0217","piloncillo","FRUTA","GR","",1000.00,0.00,10.00,0.00,31.63,31.63,0.00,0.000,""
"0218","chile serrano verde","FRUTA","GR","",1000.00,0.00,10.00,0.00,14.30,14.30,0.00,0.000,""
"0219","flores comestibles","FRUTA","GR","",1000.00,0.00,10.00,0.00,130.00,130.00,0.00,0.000,""
"GIB2","BEEFFATER 24","GINEB","ML","",750.00,0.00,10.00,0.00,473.28,463.65,16.00,0.000,""
"GIBE","BEEFEATER GIN. 750 ML.","GINEB","ML","",750.00,0.00,10.00,0.00,300.86,300.86,16.00,0.000,""
"GIBM","BOODLES MULBERRY","GINEB","ML","",750.00,0.00,10.00,0.00,1.00,0.00,0.00,0.000,""
"GIBO","BOMBAY SAPPHIRE","GINEB","ML","",750.00,0.00,10.00,0.00,306.03,306.04,16.00,0.000,""
"GIBT","BOTANICA PREMIUM","GINEB","ML","",700.00,0.00,10.00,0.00,567.24,545.17,16.00,0.000,""
"GIBU","BULLDOG","GINEB","ML","",750.00,0.00,10.00,0.00,387.07,385.13,16.00,0.000,""
"GICT","CITADELLE","GINEB","ML","",750.00,0.00,10.00,0.00,1.00,0.00,16.00,0.000,""
"GIHE","HENDRICKS","GINEB","ML","",750.00,0.00,10.00,0.00,493.97,493.97,16.00,0.000,""
"GIL1","LONDON # 1","GINEB","ML","",750.00,0.00,10.00,0.00,542.24,540.86,16.00,0.000,""
"GILD","LONDON DRY BOODLES","GINEB","ML","",750.00,0.00,10.00,0.00,325.00,244.00,16.00,0.000,""
"GIM7","MONKEY 47","GINEB","ML","",500.00,0.00,10.00,0.00,1181.03,1045.93,16.00,0.000,""
"GIMA","MARE GIN","GINEB","ML","",700.00,0.00,10.00,0.00,516.38,502.78,16.00,0.000,""
"GIMM","MARTIN MILLERS","GINEB","ML","",700.00,0.00,10.00,0.00,550.86,275.93,16.00,0.000,""
"GIMO","MOM GINEBRA","GINEB","ML","",700.00,0.00,10.00,0.00,381.03,381.03,16.00,0.000,""
"GION","OSO NEGRO GIN","GINEB","ML","",1000.00,0.00,10.00,0.00,60.00,57.64,0.00,0.000,""
"GIPA","PRINCIPE DE LOS APOSTOLES","GINEB","ML","",700.00,0.00,10.00,0.00,1.00,0.00,16.00,0.000,""
"GITA","TANQUERAY GIN","GINEB","ML","",750.00,0.00,10.00,0.00,254.31,254.31,16.00,0.000,""
"GITT","TANQUERAY TEN","GINEB","ML","",750.00,0.00,10.00,0.00,465.52,465.52,16.00,0.000,""
"HIEL","HIELO","HIELO","PZ","",1000.00,0.00,10.00,0.00,33.50,33.50,0.00,0.000,""
"JEDS","DRY SACK","JEREZ","ML","",750.00,0.00,10.00,0.00,237.07,118.54,0.00,0.000,""
"JELI","LA INA 750 ML","JEREZ","ML","",750.00,0.00,10.00,0.00,194.18,0.00,0.00,0.000,""
"JEOP","OPORTO FERREIRA","JEREZ","ML","",750.00,0.00,10.00,0.00,320.00,160.00,0.00,0.000,""
"JEOT","OPORTO FERREIRA TAWNY","JEREZ","ML","",750.00,0.00,10.00,0.00,1.00,0.00,0.00,0.000,""
"JEPO","POCHOLA","JEREZ","ML","",750.00,0.00,10.00,0.00,83.40,0.00,0.00,0.000,""
"JETP","TIO PEPE","JEREZ","ML","",750.00,0.00,10.00,0.00,229.31,114.66,16.00,0.000,""
"0220","queso ricotta","LACTE","GR","",1000.00,0.00,10.00,0.00,132.30,132.30,0.00,0.000,""
"0221","queso de cabra","LACTE","GR","",1000.00,0.00,10.00,0.00,242.50,242.50,0.00,0.000,""
"0222","queso crema","LACTE","GR","",1000.00,0.00,10.00,0.00,130.39,130.39,0.00,0.000,""
"0223","mantequilla","LACTE","GR","",1000.00,0.00,10.00,0.00,174.20,174.20,0.00,0.000,""
"0224","jocoque","LACTE","GR","",1000.00,0.00,10.00,0.00,139.50,139.50,0.00,0.000,""
"0225","queso cotija","LACTE","GR","",1000.00,0.00,10.00,0.00,84.92,84.92,0.00,0.000,""
"0226","queso gouda","LACTE","GR","",1000.00,0.00,10.00,0.00,115.75,115.75,0.00,0.000,""
"0227","queso manchego","LACTE","GR","",1000.00,0.00,10.00,0.00,126.75,126.75,0.00,0.000,""
"0228","queso parmesano","LACTE","GR","",1000.00,0.00,10.00,0.00,210.00,210.00,0.00,0.000,""
"0229","queso provolone","LACTE","GR","",1000.00,0.00,10.00,0.00,162.50,162.50,0.00,0.000,""
"0230","yogurth natural","LACTE","GR","",1000.00,0.00,10.00,0.00,36.75,36.75,0.00,0.000,""
"0231","queso amarillo","LACTE","GR","",1000.00,0.00,10.00,0.00,0.76,0.76,0.00,0.000,""
"0232","queso oaxaca","LACTE","GR","",1000.00,0.00,10.00,0.00,84.50,84.50,0.00,0.000,""
"0233","crema natural","LACTE","GR","",1000.00,0.00,10.00,0.00,52.80,52.80,0.00,0.000,""
"0234","crema para batir","LACTE","GR","",1000.00,0.00,10.00,0.00,59.18,59.18,0.00,0.000,""
"0235","queso panela","LACTE","GR","",1000.00,0.00,10.00,0.00,75.00,75.00,0.00,0.000,""
"0236","queso mascarpone","LACTE","GR","",1000.00,0.00,10.00,0.00,259.85,259.85,0.00,0.000,""
"JAGR","JARABE GRANADINA","LICOR","ML","",1000.00,0.00,10.00,0.00,33.62,33.62,16.00,0.000,""
"JANA","JARABE NATURAL","LICOR","ML","",1000.00,0.00,10.00,0.00,33.62,33.62,16.00,0.000,""
"LI43","LICOR 43","LICOR","ML","",750.00,0.00,10.00,0.00,325.86,325.86,16.00,0.000,""
"LI4O","LICOR 43 OROCHATA","LICOR","ML","",750.00,0.00,10.00,0.00,316.94,242.13,16.00,0.000,""
"LIAA","AMARGO ANGOSTURA 1L","LICOR","ML","",1000.00,0.00,10.00,0.00,23.70,0.00,0.00,0.000,""
"LIAB","ABSINTH","LICOR","ML","",750.00,0.00,10.00,0.00,512.07,256.04,16.00,0.000,""
"LIAC","LAS CADENAS 1L","LICOR","ML","",1000.00,0.00,10.00,0.00,275.86,200.40,16.00,0.000,""
"LIAD","AMARETTO DISARONO 700 ML","LICOR","ML","",700.00,0.00,10.00,0.00,287.93,266.39,16.00,0.000,""
"LIAM","DEL MONO DULCE 750 ML","LICOR","ML","",750.00,0.00,10.00,0.00,206.38,103.19,16.00,0.000,""
"LIAN","AMARETTO CONTI 750 ML","LICOR","ML","",750.00,0.00,10.00,0.00,144.83,137.77,16.00,0.000,""
"LIAP","PERNOD 700 ML.","LICOR","ML","",700.00,0.00,10.00,0.00,163.63,0.00,0.00,0.000,""
"LIAR","AMARULA","LICOR","ML","",750.00,0.00,10.00,0.00,189.98,94.99,16.00,0.000,""
"LIAS","DEL MONO SECO  750 ML","LICOR","ML","",750.00,0.00,10.00,0.00,186.20,93.10,16.00,0.000,""
"LIAU","COINTREAU 750 ML","LICOR","ML","",700.00,0.00,10.00,0.00,369.83,184.92,16.00,0.000,""
"LIAZ","LICOR AZUL CURACAO 7","LICOR","ML","",750.00,0.00,10.00,0.00,95.97,94.11,0.00,0.000,""
"LIBA","BAILEYS","LICOR","ML","",750.00,0.00,10.00,0.00,206.90,206.91,16.00,0.000,""
"LIBD","VERM.CINZANO BCO EXSE","LICOR","ML","",750.00,0.00,10.00,0.00,123.23,61.62,16.00,0.000,""
"LIBE","BENEDICTINE","LICOR","ML","",750.00,0.00,10.00,0.00,302.61,0.00,0.00,0.000,""
"LIBL","BAILEYS CARAMELO 750 ML.","LICOR","ML","",750.00,0.00,10.00,0.00,284.18,142.09,16.00,0.000,""
"LICA","CAROLANS","LICOR","ML","",750.00,0.00,10.00,0.00,1.00,0.00,16.00,0.000,""
"LICB","CACAO BLANCO","LICOR","ML","",750.00,0.00,10.00,0.00,95.97,47.99,16.00,0.000,""
"LICC","CHBACANO LICOR","LICOR","ML","",750.00,0.00,10.00,0.00,1.00,0.00,0.00,0.000,""
"LICE","LICOR FRESA FLAMINGO","LICOR","ML","",750.00,0.00,10.00,0.00,43.00,0.00,0.00,0.000,""
"LICH","CHAMBOARD","LICOR","ML","",750.00,0.00,10.00,0.00,1.00,0.00,0.00,0.000,""
"LICI","LICOR CIRUELA JAPONESA","LICOR","ML","",750.00,0.00,10.00,0.00,1.00,0.00,0.00,0.000,""
"LICL","CINZANO BCO DULCE","LICOR","ML","",750.00,0.00,10.00,0.00,123.23,117.70,0.00,0.000,""
"LICM","CAMPARI BITTER","LICOR","ML","",750.00,0.00,10.00,0.00,211.91,185.43,16.00,0.000,""
"LICN","CONTROY","LICOR","ML","",1000.00,0.00,10.00,0.00,113.79,113.79,16.00,0.000,""
"LICO","CACAO OBSCUR0","LICOR","ML","",750.00,0.00,10.00,0.00,66.09,66.23,0.00,0.000,""
"LICR","CHARTREUSE AMARILLO","LICOR","ML","",700.00,0.00,10.00,0.00,560.68,280.34,16.00,0.000,""
"LICS","CASIS SISCA","LICOR","ML","",750.00,0.00,10.00,0.00,358.71,179.36,16.00,0.000,""
"LICU","CURACAO","LICOR","ML","",750.00,0.00,10.00,0.00,102.59,51.30,16.00,0.000,""
"LICV","CHARTREUSE VERDE","LICOR","ML","",700.00,0.00,10.00,0.00,629.31,561.81,16.00,0.000,""
"LIDC","CHINCHON DULCE","LICOR","ML","",1000.00,0.00,10.00,0.00,184.48,183.89,16.00,0.000,""
"LIDD","DULCE DOMECQ","LICOR","ML","",750.00,0.00,10.00,0.00,155.00,139.18,0.00,0.000,""
"LIDP","KALHUA LICOR DE CAFE","LICOR","ML","",1000.00,0.00,10.00,0.00,118.97,110.66,16.00,0.000,""
"LIDR","DRAMBUIE","LICOR","ML","",750.00,0.00,10.00,0.00,399.57,199.79,16.00,0.000,""
"LIDS","CHINCHON SEMIDULCE","LICOR","ML","",1000.00,0.00,10.00,0.00,184.48,199.24,16.00,0.000,""
"LIDU","DUBONET","LICOR","ML","",750.00,0.00,10.00,0.00,234.61,117.31,16.00,0.000,""
"LIDZ","LICOR DE DURAZNO/MELOCOTO","LICOR","ML","",750.00,0.00,10.00,0.00,89.66,44.83,16.00,0.000,""
"LIFD","LICOR DE FRUTAS DEKUYPER","LICOR","ML","",750.00,0.00,10.00,0.00,86.09,88.70,0.00,0.000,""
"LIFE","FERNET","LICOR","ML","",750.00,0.00,10.00,0.00,124.14,116.06,16.00,0.000,""
"LIFF","FRESA LICOR","LICOR","ML","",750.00,0.00,10.00,0.00,1.00,0.00,16.00,0.000,""
"LIFR","FRANGELICO","LICOR","ML","",700.00,0.00,10.00,0.00,254.31,251.73,16.00,0.000,""
"LIGA","GALLIANO","LICOR","ML","",500.00,0.00,10.00,0.00,192.45,96.23,16.00,0.000,""
"LIGR","GRAND MARNIER IMP.","LICOR","ML","",700.00,0.00,10.00,0.00,486.21,243.11,16.00,0.000,""
"LIHA","HPNOTIC HARMONIE","LICOR","ML","",750.00,0.00,10.00,0.00,341.30,256.23,0.00,0.000,""
"LIHP","HPNOTIQ","LICOR","ML","",750.00,0.00,10.00,0.00,421.41,421.38,16.00,0.000,""
"LIHU","HURACAN","LICOR","ML","",750.00,0.00,10.00,0.00,1.00,0.00,0.00,0.000,""
"LIII","AMOR LICOR","LICOR","ML","",750.00,0.00,10.00,0.00,1.00,0.00,0.00,0.000,""
"LIJA","JAGERMEISTER","LICOR","ML","",750.00,0.00,10.00,0.00,254.31,254.31,16.00,0.000,""
"LILI","LICOR LIMONCELLO","LICOR","ML","",750.00,0.00,10.00,0.00,1.00,0.00,0.00,0.000,""
"LIMB","MENTA BLANCA","LICOR","ML","",750.00,0.00,10.00,0.00,50.00,0.00,0.00,0.000,""
"LIMD","MARTINI BCO DULCE","LICOR","ML","",750.00,0.00,10.00,0.00,141.38,108.18,16.00,0.000,""
"LIME","LICOR DE MELON","LICOR","ML","",750.00,0.00,10.00,0.00,267.24,197.35,16.00,0.000,""
"LIMM","MELON MIDORI","LICOR","ML","",750.00,0.00,10.00,0.00,30.00,36.58,0.00,0.000,""
"LIMN","MANDARINE NAPOLEON","LICOR","ML","",750.00,0.00,10.00,0.00,423.37,211.69,16.00,0.000,""
"LIMR","MARTINI ROJO","LICOR","ML","",750.00,0.00,10.00,0.00,155.09,77.55,16.00,0.000,""
"LIMS","MARTINI BCO SECO","LICOR","ML","",750.00,0.00,10.00,0.00,155.09,116.32,16.00,0.000,""
"LIMV","MENTA VERDE","LICOR","ML","",750.00,0.00,10.00,0.00,70.00,70.05,16.00,0.000,""
"LIMZ","LICOR DE MANZANA DEKUYPER","LICOR","ML","",750.00,0.00,10.00,0.00,113.79,56.90,16.00,0.000,""
"LINU","NUVO","LICOR","ML","",750.00,0.00,10.00,0.00,1.00,0.00,0.00,0.000,""
"LIOR","LICOR ORUJO","LICOR","ML","",750.00,0.00,10.00,0.00,1.00,0.00,0.00,0.000,""
"LIPA","LICOR PASSOA","LICOR","ML","",750.00,0.00,10.00,0.00,40.00,0.00,0.00,0.000,""
"LIPL","LICOR DE PLATANO 750","LICOR","ML","",750.00,0.00,10.00,0.00,95.97,95.92,0.00,0.000,""
"LIPX","PACHARA BASARANA","LICOR","ML","",750.00,0.00,10.00,0.00,240.78,120.39,16.00,0.000,""
"LIRB","ROMANA SAMBUCA BIANCO","LICOR","ML","",700.00,0.00,10.00,0.00,1.00,0.00,16.00,0.000,""
"LIRD","LICOR CINZANO ROJO D","LICOR","ML","",750.00,0.00,10.00,0.00,102.61,107.31,0.00,0.000,""
"LIRI","RICHARDS LICOR","LICOR","ML","",750.00,0.00,10.00,0.00,100.00,0.00,0.00,0.000,""
"LIRN","ROMANA SAMBUCA NERO","LICOR","ML","",700.00,0.00,10.00,0.00,1.00,0.00,16.00,0.000,""
"LIRO","ROMPOPE","LICOR","ML","",900.00,0.00,10.00,0.00,93.30,90.66,0.00,0.000,""
"LISA","LICOR DE SANDIA DEKUYPER","LICOR","ML","",750.00,0.00,10.00,0.00,104.69,104.65,0.00,0.000,""
"LISC","CHINCHON SECO","LICOR","ML","",1000.00,0.00,10.00,0.00,184.48,131.68,16.00,0.000,""
"LISD","SECO DOMECQ","LICOR","ML","",750.00,0.00,10.00,0.00,60.00,59.03,0.00,0.000,""
"LISG","SAMBUCA BCO","LICOR","ML","",700.00,0.00,10.00,0.00,211.04,156.45,16.00,0.000,""
"LISN","SAMBUCA NEGRO","LICOR","ML","",700.00,0.00,10.00,0.00,228.45,228.45,16.00,0.000,""
"LISO","CITRIC SOUTH COMFOR","LICOR","ML","",750.00,0.00,10.00,0.00,1.00,0.00,0.00,0.000,""
"LIST","STREGA","LICOR","ML","",750.00,0.00,10.00,0.00,534.78,466.36,16.00,0.000,""
"LIVR","VERMOUNT","LICOR","ML","",750.00,0.00,10.00,0.00,113.79,113.92,16.00,0.000,""
"ME4C","400 CONEJOS ESPADIN BCO","MEZCA","ML","",750.00,0.00,10.00,0.00,354.61,354.61,16.00,0.000,""
"ME4R","400 CONEJOS REPOSADO","MEZCA","ML","",750.00,0.00,10.00,0.00,442.24,442.24,16.00,0.000,""
"ME7D","SIETE MISTERIOS DOBA","MEZCA","ML","",750.00,0.00,10.00,0.00,1.00,0.00,16.00,0.000,""
"ME7E","SIETE MISTERIOS ESPADIN","MEZCA","ML","",750.00,0.00,10.00,0.00,1.00,0.00,16.00,0.000,""
"MEAA","ALIPUS SN ANDRES","MEZCA","ML","",750.00,0.00,10.00,0.00,499.57,250.29,16.00,0.000,""
"MEAJ","ALIPUS SN JUAN DEL RIO","MEZCA","ML","",750.00,0.00,10.00,0.00,418.10,313.83,16.00,0.000,""
"MEAL","ALACRAN","MEZCA","ML","",750.00,0.00,10.00,0.00,1.00,0.00,16.00,0.000,""
"MEAR","ALIPUS STANA RIO JOVEN","MEZCA","ML","",750.00,0.00,10.00,0.00,498.75,407.04,16.00,0.000,""
"MEAS","ALIPUS SAN BALTAZAR","MEZCA","ML","",750.00,0.00,10.00,0.00,499.57,250.29,16.00,0.000,""
"MEBE","BRUXO ESPADIN JOVEN","MEZCA","ML","",750.00,0.00,10.00,0.00,326.72,305.06,16.00,0.000,""
"MEBM","BRUXO ENSAMBLE","MEZCA","ML","",750.00,0.00,10.00,0.00,634.48,557.01,16.00,0.000,""
"MEBP","BRUXO PECHUGA","MEZCA","ML","",750.00,0.00,10.00,0.00,404.31,403.93,16.00,0.000,""
"MEC%","CONVITE ENS.5 GAVES","MEZCA","ML","",700.00,0.00,10.00,0.00,950.00,0.00,16.00,0.000,""
"MECE","CONVITE ENS.ESAPDIN","MEZCA","ML","",700.00,0.00,10.00,0.00,492.20,516.60,16.00,0.000,""
"MECR","CREYENTE MEZCAL","MEZCA","ML","",700.00,0.00,10.00,0.00,498.28,249.64,16.00,0.000,""
"MECT","CONVITE TOBALA","MEZCA","ML","",700.00,0.00,10.00,0.00,875.00,875.00,0.00,0.000,""
"MEDA","DANZANTES A벤JO","MEZCA","ML","",750.00,0.00,10.00,0.00,1040.69,933.18,16.00,0.000,""
"MEDB","DANZANTES JOVEN","MEZCA","ML","",750.00,0.00,10.00,0.00,593.97,589.49,16.00,0.000,""
"MEDR","DANZANTES REPOSADO","MEZCA","ML","",750.00,0.00,10.00,0.00,775.86,743.69,16.00,0.000,""
"MEEJ","ESPIRITU LAU.JOVEN","MEZCA","ML","",750.00,0.00,10.00,0.00,427.59,214.30,16.00,0.000,""
"MEEM","VONVITE ENS.EPADIN MADRE","MEZCA","ML","",750.00,0.00,10.00,0.00,541.00,0.00,16.00,0.000,""
"MEEP","ESPIRITU LAU.REP","MEZCA","ML","",750.00,0.00,10.00,0.00,541.38,271.19,16.00,0.000,""
"MEER","AMORES ESPADIN REP","MEZCA","ML","",750.00,0.00,10.00,0.00,473.28,473.29,16.00,0.000,""
"MEGA","GARRAFAS MEZCAL","MEZCA","ML","",750.00,0.00,10.00,0.00,1.00,0.00,16.00,0.000,""
"MEI5","IBA 55 MEZCAL","MEZCA","ML","",750.00,0.00,10.00,0.00,1.00,0.00,0.00,0.000,""
"MEIB","IBA MEZCAL","MEZCA","ML","",750.00,0.00,10.00,0.00,1.00,0.00,0.00,0.000,""
"MEJB","JARAL DE BERRIO BCO","MEZCA","ML","",750.00,0.00,10.00,0.00,1.00,0.00,0.00,0.000,""
"MEMM","MEXCALITO MARACUYA","MEZCA","ML","",750.00,0.00,10.00,0.00,297.42,149.21,16.00,0.000,""
"MEOX","OAXACA MEZCAL","MEZCA","ML","",750.00,0.00,10.00,0.00,1.00,0.00,0.00,0.000,""
"MEPD","PAL DOLOR","MEZCA","ML","",750.00,0.00,10.00,0.00,1.00,0.00,16.00,0.000,""
"MEPM","PELOTON DE LA MUERTE","MEZCA","ML","",700.00,0.00,10.00,0.00,276.81,207.86,16.00,0.000,""
"METO","TOBALA MEZCAL","MEZCA","ML","",750.00,0.00,10.00,0.00,1.00,0.00,0.00,0.000,""
"MEUN","UNION JOVEN","MEZCA","ML","",700.00,0.00,10.00,0.00,302.20,298.72,16.00,0.000,""
"MEUV","UNION VIEJO","MEZCA","ML","",750.00,0.00,10.00,0.00,510.34,445.26,16.00,0.000,""
"MEZS","ZIGNUM SILVER","MEZCA","ML","",750.00,0.00,10.00,0.00,214.66,214.66,16.00,0.000,""
"MXC!","MEXCALITO MINI COCO","MEZCA","ML","",124.00,0.00,10.00,0.00,60.35,0.00,0.00,0.000,""
"MXME","MEXCALITO ESPADIN","MEZCA","ML","",750.00,0.00,10.00,0.00,297.42,0.00,0.00,0.000,""
"MXMG","MEXCALITO GUAYABA","MEZCA","ML","",750.00,0.00,10.00,0.00,297.42,0.00,0.00,0.000,""
"MZM3","MEXCALITO MINI TAMARINDO","MEZCA","ML","",124.00,0.00,10.00,0.00,60.35,0.00,0.00,0.000,""
"MZM4","MEXCALITO MINI GUAYABA","MEZCA","ML","",124.00,0.00,10.00,0.00,60.35,0.00,0.00,0.000,""
"MZM5","MEXCALITO MINI ESPADIN","MEZCA","ML","",124.00,0.00,10.00,0.00,60.35,0.00,0.00,0.000,""
"MZM@","MEXCALITO MINI MARACUTYA","MEZCA","ML","",124.00,0.00,10.00,0.00,60.35,0.00,0.00,0.000,""
"MZMC","MEXCALITO COCO","MEZCA","ML","",750.00,0.00,10.00,0.00,297.42,0.00,0.00,0.000,""
"MZMT","MEXCALITO TAMARINDO","MEZCA","ML","",750.00,0.00,10.00,0.00,297.42,297.42,16.00,0.000,""
"0237","tlayudas","PAN Y","","",1000.00,0.00,10.00,0.00,8.93,8.93,0.00,0.000,""
"0238","pan hamburguesa gde","PAN Y","","",1000.00,0.00,10.00,0.00,5.00,5.00,0.00,0.000,""
"0239","telera para torta","PAN Y","","",1000.00,0.00,10.00,0.00,3.30,3.30,0.00,0.000,""
"0240","tortilla chalupera","PAN Y","","",1000.00,0.00,10.00,0.00,17.00,17.00,0.00,0.000,""
"0241","masa azul","PAN Y","","",1000.00,0.00,10.00,0.00,16.80,16.80,0.00,0.000,""
"0242","tortilla de maiz","PAN Y","","",1000.00,0.00,10.00,0.00,14.00,14.00,0.00,0.000,""
"0243","tortilla de harina","PAN Y","","",1000.00,0.00,10.00,0.00,32.59,32.59,0.00,0.000,""
"0244","camaron aguachile","PESCA","","",1000.00,0.00,10.00,0.00,264.00,264.00,0.00,0.000,""
"0245","camaron 31/35","PESCA","","",1000.00,0.00,10.00,0.00,288.00,288.00,0.00,0.000,""
"0246","salmon fresco","PESCA","","",1000.00,0.00,10.00,0.00,320.00,320.00,0.00,0.000,""
"0247","filete tilapia","PESCA","","",1000.00,0.00,10.00,0.00,80.01,80.01,0.00,0.000,""
"0248","atun fresco","PESCA","","",1000.00,0.00,10.00,0.00,230.00,230.00,0.00,0.000,""
"0249","atun stake","PESCA","","",1000.00,0.00,10.00,0.00,229.69,229.69,0.00,0.000,""
"0250","pulpo","PESCA","","",1000.00,0.00,10.00,0.00,230.00,230.00,0.00,0.000,""
"AGCO","AGUA CORRIENTE","REFRE","ML","",19000.0,0.00,10.00,0.00,30.59,25.94,0.00,0.000,""
"BOOS","BOOST","REFRE","ML","",1.00,0.00,10.00,0.00,13.26,13.26,0.00,0.000,""
"RBPR","RED BUL PROMO","REFRE","PZ","",1.00,0.00,10.00,0.00,1.00,0.00,0.00,0.000,""
"REDI","COCA LIGTH","REFRE","ML","",355.00,0.00,10.00,0.00,6.90,3.45,16.00,0.000,""
"RESF","RED BULL SUGAR FREE","REFRE","ML","",355.00,0.00,10.00,0.00,1.00,0.00,0.00,0.000,""
"ROF8","FLOR DE CANA 18","REFRE","ML","",700.00,0.00,10.00,0.00,1.00,0.00,0.00,0.000,""
"SCDR","SODA CAN DRY","REFRE","ML","",1000.00,0.00,10.00,0.00,4.57,3.67,0.00,0.000,""
"SOAE","GARRAFON DE AGUA","REFRE","ML","",19000.0,0.00,10.00,0.00,27.00,26.16,0.00,0.000,""
"SODC","PEPSI LIGHT","REFRE","ML","",355.00,0.00,10.00,0.00,4.57,4.56,0.00,0.000,""
"SOGL","SEAGRAM'S LATA/GINGER","REFRE","ML","",355.00,0.00,10.00,0.00,4.74,4.74,16.00,0.000,""
"SOSL","SODA SQUIRT LIGHT","REFRE","ML","",355.00,0.00,10.00,0.00,4.57,4.56,0.00,0.000,""
"SOSP","SPRITE","REFRE","ML","",355.00,0.00,10.00,0.00,14.13,10.55,0.00,0.000,""
"SOSQ","SODA SQUIRT TORONJA","REFRE","ML","",355.00,0.00,10.00,0.00,3.42,3.47,0.00,0.000,""
"SPEE","SPEED","REFRE","ML","",1.00,0.00,10.00,0.00,1.00,0.00,0.00,0.000,""
"RO10","BACARDI 101  700 ML","RONNN","ML","",700.00,0.00,0.00,0.00,99.13,100.09,0.00,0.000,""
"ROA1","APPLETON STATE 12","RONNN","ML","",750.00,0.00,2.00,0.00,387.93,387.88,16.00,0.000,""
"ROAB","APPLETON BCO 750 ML","RONNN","ML","",750.00,0.00,0.00,0.00,86.21,86.19,16.00,0.000,""
"ROAO","APPLETON ESPECIAL","RONNN","ML","",750.00,0.00,2.00,0.00,94.83,94.83,16.00,0.000,""
"ROAP","APPLETON STATE V/X 750 ML","RONNN","ML","",750.00,0.00,4.00,0.00,165.52,165.52,16.00,0.000,""
"ROB2","BOTRAN 12","RONNN","ML","",750.00,0.00,2.00,0.00,288.79,288.80,16.00,0.000,""
"ROB8","BACARDI 8","RONNN","ML","",750.00,0.00,2.00,0.00,284.48,284.48,16.00,0.000,""
"ROBA","BACARDI A벤JO LTO.","RONNN","ML","",946.00,0.00,3.00,0.00,88.70,87.99,0.00,0.000,""
"ROBB","BACARDI BLANCO 750","RONNN","ML","",946.00,0.00,12.00,0.00,105.00,104.11,16.00,0.000,""
"ROBG","BOTRAN RESERVA 15","RONNN","ML","",750.00,0.00,0.00,0.00,383.62,383.62,16.00,0.000,""
"ROBM","BACARDI GRAN RESERVA","RONNN","ML","",3000.00,0.00,2.00,0.00,557.18,557.13,0.00,0.000,""
"ROBV","BOTRAN SOLERA G.RES","RONNN","ML","",750.00,0.00,0.00,0.00,530.17,513.20,16.00,0.000,""
"ROCB","CAPT.MORGAN BLACK","RONNN","mL","",750.00,0.00,0.00,0.00,172.79,173.44,0.00,0.000,""
"ROCM","CAPT.MORGAN","RONNN","ML","",750.00,0.00,0.00,0.00,111.21,111.22,16.00,0.000,""
"ROCW","CAPT.MORGAN WHITE","RONNN","ML","",750.00,0.00,3.00,0.00,112.07,111.60,16.00,0.000,""
"ROF1","FLOR CA베 12 A벮S","RONNN","NM","",750.00,0.00,0.00,0.00,425.00,425.00,16.00,0.000,""
"ROF5","FLOR CA베 5 A벮S","RONNN","ML","",750.00,0.00,0.00,0.00,1.00,0.00,0.00,0.000,""
"ROF7","FLOR CA베 7 A벮S","RONNN","ML","",750.00,0.00,3.00,0.00,225.86,225.86,16.00,0.000,""
"ROH3","HAVANA 3 A벮S A벤JO ESP.","RONNN","ML","",750.00,0.00,0.00,0.00,106.88,93.52,16.00,0.000,""
"ROH7","HAVANA 7 A벮S","RONNN","ML","",750.00,0.00,8.00,0.00,255.17,255.17,16.00,0.000,""
"ROHB","HAVANA BARREL PROFF","RONNN","ML","",750.00,0.00,0.00,0.00,1.00,0.00,0.00,0.000,""
"ROHC","HAVANA BLANCO","RONNN","ML","",750.00,0.00,6.00,0.00,112.93,112.93,16.00,0.000,""
"ROHG","HAVANA GRAN RESERVA","RONNN","ML","",750.00,0.00,0.00,0.00,1.00,0.00,0.00,0.000,""
"ROHM","HAVANA SELC.MAESTROS","RONNN","ML","",750.00,0.00,0.00,0.00,650.86,325.43,16.00,0.000,""
"ROHR","HAVANA RESERVA","RONNN","ML","",750.00,0.00,0.00,0.00,1.00,0.00,0.00,0.000,""
"ROHS","HAVANA SILVER","RONNN","ML","",750.00,0.00,0.00,0.00,1.00,0.00,0.00,0.000,""
"ROKG","KRAKEN GHOST","RONNN","ML","",750.00,0.00,0.00,0.00,117.33,58.67,16.00,0.000,""
"ROKR","KRAKEN","RONNN","ML","",750.00,0.00,2.00,0.00,126.72,126.72,16.00,0.000,""
"ROM1","MATUSALEM G.RES. 18 A벮S","RONNN","ML","",750.00,0.00,0.00,0.00,418.49,313.87,16.00,0.000,""
"ROM3","MATUSALEM 23","RONNN","ML","",750.00,0.00,0.00,0.00,863.19,647.65,16.00,0.000,""
"ROMA","MALIBU COCO WHITE","RONNN","ML","",750.00,0.00,0.00,0.00,136.21,136.21,16.00,0.000,""
"ROMB","MALIBU BLACK","RONNN","ML","",750.00,0.00,0.00,0.00,141.68,124.10,0.00,0.000,""
"ROMC","MATUSALEM CLASICO","RONNN","ML","",750.00,0.00,8.00,0.00,133.21,133.22,16.00,0.000,""
"ROMG","MATUSALEM GRAN RESERVA","RONNN","ML","",750.00,0.00,6.00,0.00,233.97,233.98,16.00,0.000,""
"ROMP","MATUSALEM PLATINO","RONNN","ML","",750.00,0.00,6.00,0.00,105.73,105.74,16.00,0.000,""
"ROPL","RON BACARDI BIG APPLE 750","RONNN","ML","",750.00,0.00,0.00,0.00,94.78,94.35,0.00,0.000,""
"ROZ2","ZACAPA 23 A벮S","RONNN","ML","",750.00,0.00,4.00,0.00,646.55,646.55,16.00,0.000,""
"ROZA","ZACAPA 15","RONNN","ML","",750.00,0.00,0.00,0.00,1.00,0.00,0.00,0.000,""
"ROZM","ZACAPA AMBER","RONNN","ML","",750.00,0.00,4.00,0.00,523.32,523.33,16.00,0.000,""
"ROZX","ZACAPA XO","RONNN","ML","",750.00,0.00,0.00,0.00,1612.07,1410.57,16.00,0.000,""
"SRR1","SR ACEITE DE AJO","SUBRE","","",1000.00,0.00,10.00,0.00,0.00,0.00,0.00,0.000,""
"SRR2","SR ADEREZO CESAR","SUBRE","","",1000.00,0.00,10.00,0.00,0.00,0.00,0.00,0.000,""
"SRR3","SR ADEREZO DULCE","SUBRE","","",1000.00,0.00,10.00,0.00,0.00,0.00,0.00,0.000,""
"SRR4","SR ADEREZO MARACUYA","SUBRE","","",1000.00,0.00,10.00,0.00,0.00,0.00,0.00,0.000,""
"SRR5","SR ADEREZO YOGURTH","SUBRE","","",1000.00,0.00,10.00,0.00,0.00,0.00,0.00,0.000,""
"SRR6","SR ADOBO","SUBRE","","",1000.00,0.00,10.00,0.00,0.00,0.00,0.00,0.000,""
"SRR7","SR AD MAYO CHIPOTLE","SUBRE","","",1000.00,0.00,10.00,0.00,0.00,0.00,0.00,0.000,""
"SRR8","SR AGUACHILE MANGO HABANE","SUBRE","","",1000.00,0.00,10.00,0.00,0.00,0.00,0.00,0.000,""
"SRR9","SR AGUACHILE NEGRO","SUBRE","","",1000.00,0.00,10.00,0.00,0.00,0.00,0.00,0.000,""
"SRR0","SR AGUACHILE VERDE","SUBRE","","",1000.00,0.00,10.00,0.00,0.00,0.00,0.00,0.000,""
"SRRA","SR AJILLO","SUBRE","","",1000.00,0.00,10.00,0.00,0.00,0.00,0.00,0.000,""
"SRRB","SR AJO FRITO","SUBRE","","",1000.00,0.00,10.00,0.00,0.00,0.00,0.00,0.000,""
"SRRC","SR ALIOLI","SUBRE","","",1000.00,0.00,10.00,0.00,0.00,0.00,0.00,0.000,""
"SRRD","SR ARROZ CON LECHE","SUBRE","","",1000.00,0.00,10.00,0.00,0.00,0.00,0.00,0.000,""
"SRRE","SR ARROZ ROJO","SUBRE","","",1000.00,0.00,10.00,0.00,0.00,0.00,0.00,0.000,""
"SRRF","SR BASE CALDO QUESO","SUBRE","","",1000.00,0.00,10.00,0.00,0.00,0.00,0.00,0.000,""
"SRRG","SR CALDILLO FRIJOL NEGRO","SUBRE","","",1000.00,0.00,10.00,0.00,0.00,0.00,0.00,0.000,""
"SRRH","SR CALDO DE POLLO","SUBRE","","",1000.00,0.00,10.00,0.00,0.00,0.00,0.00,0.000,""
"SRRI","SR CARNE HAMBURGUESA","SUBRE","","",1000.00,0.00,10.00,0.00,0.00,0.00,0.00,0.000,""
"SRRJ","SR CARNITAS PULQUE","SUBRE","","",1000.00,0.00,10.00,0.00,0.00,0.00,0.00,0.000,""
"SRRK","SR CEBOLLAS CAJUN LIMON","SUBRE","","",1000.00,0.00,10.00,0.00,0.00,0.00,0.00,0.000,""
"SRRL","SR CEBOLLAS ENCURTIDAS","SUBRE","","",1000.00,0.00,10.00,0.00,0.00,0.00,0.00,0.000,""
"SRRM","SR CHICHARRON PRENSADO","SUBRE","","",1000.00,0.00,10.00,0.00,0.00,0.00,0.00,0.000,""
"SRRN","SR CHILE/CEBOLLA TOREADOS","SUBRE","","",1000.00,0.00,10.00,0.00,0.00,0.00,0.00,0.000,""
"SRRO","SR CHILES EN VINAGRE","SUBRE","","",1000.00,0.00,10.00,0.00,0.00,0.00,0.00,0.000,""
"SRRP","SR CHIMICHURRI","SUBRE","","",1000.00,0.00,10.00,0.00,0.00,0.00,0.00,0.000,""
"SRRQ","SR CHOCOLATE CALIENTE","SUBRE","","",1000.00,0.00,10.00,0.00,0.00,0.00,0.00,0.000,""
"SRRR","SR PIE QUESO GUAYABA","SUBRE","","",1000.00,0.00,10.00,0.00,0.00,0.00,0.00,0.000,""
"SRRS","SR CREMA DE CHIPOTLE","SUBRE","","",1000.00,0.00,10.00,0.00,0.00,0.00,0.00,0.000,""
"SRRT","SR CREMA MASCARPONE","SUBRE","","",1000.00,0.00,10.00,0.00,0.00,0.00,0.00,0.000,""
"SRRU","SR CREME BRULEE","SUBRE","","",1000.00,0.00,10.00,0.00,0.00,0.00,0.00,0.000,""
"SRRV","SR CREMOSO AGUACATE","SUBRE","","",1000.00,0.00,10.00,0.00,0.00,0.00,0.00,0.000,""
"SRRW","SR ENSALADA DE NOPAL","SUBRE","","",1000.00,0.00,10.00,0.00,0.00,0.00,0.00,0.000,""
"SRRX","SR FIDEO SECO","SUBRE","","",1000.00,0.00,10.00,0.00,0.00,0.00,0.00,0.000,""
"SRRY","SR FLAN","SUBRE","","",1000.00,0.00,10.00,0.00,0.00,0.00,0.00,0.000,""
"SRRZ","SR FRIJOLES DE LA OLLA","SUBRE","","",1000.00,0.00,10.00,0.00,0.00,0.00,0.00,0.000,""
"SRRa","SR FRIJOLES MANEADOS","SUBRE","","",1000.00,0.00,10.00,0.00,0.00,0.00,0.00,0.000,""
"SRRb","SR FRIJOLES REFRITOS","SUBRE","","",1000.00,0.00,10.00,0.00,0.00,0.00,0.00,0.000,""
"SRRc","SR GALLETA BASE","SUBRE","","",1000.00,0.00,10.00,0.00,0.00,0.00,0.00,0.000,""
"SRRd","SR GANACHE DE CHOCOLATE","SUBRE","","",1000.00,0.00,10.00,0.00,0.00,0.00,0.00,0.000,""
"SRRe","SR GUACAMOLE","SUBRE","","",1000.00,0.00,10.00,0.00,0.00,0.00,0.00,0.000,""
"SRRf","SR HUITLACOCHE","SUBRE","","",1000.00,0.00,10.00,0.00,0.00,0.00,0.00,0.000,""
"SRRg","SR JARABE 3 LECHES","SUBRE","","",1000.00,0.00,10.00,0.00,0.00,0.00,0.00,0.000,""
"SRRh","SR JUGO DE CARNE","SUBRE","","",1000.00,0.00,10.00,0.00,0.00,0.00,0.00,0.000,""
"SRRi","SR JUGO DE LIMON","SUBRE","","",1000.00,0.00,10.00,0.00,0.00,0.00,0.00,0.000,""
"SRRj","SR JUGO DE NARANJA","SUBRE","","",1000.00,0.00,10.00,0.00,0.00,0.00,0.00,0.000,""
"SRRk","SR LECHON FIDEO","SUBRE","","",1000.00,0.00,10.00,0.00,0.00,0.00,0.00,0.000,""
"SRRl","SR LECHUGAS MIXTAS","SUBRE","","",1000.00,0.00,10.00,0.00,0.00,0.00,0.00,0.000,""
"SRRm","SR MAYONESA HABANERO","SUBRE","","",1000.00,0.00,10.00,0.00,0.00,0.00,0.00,0.000,""
"SRRn","SR MOLE POBLANO","SUBRE","","",1000.00,0.00,10.00,0.00,0.00,0.00,0.00,0.000,""
"SRRo","SR MOLTEN ABUELITA","SUBRE","","",1000.00,0.00,10.00,0.00,0.00,0.00,0.00,0.000,""
"SRRp","SR MOUSSE DE ROMPOPE","SUBRE","","",1000.00,0.00,10.00,0.00,0.00,0.00,0.00,0.000,""
"SRRq","SR MO벮S DE COCO","SUBRE","","",1000.00,0.00,10.00,0.00,0.00,0.00,0.00,0.000,""
"SRRr","SR PAN HAMBURGUESA","SUBRE","","",1000.00,0.00,10.00,0.00,0.00,0.00,0.00,0.000,""
"SRRs","SR PICO DE AGUACATE","SUBRE","","",1000.00,0.00,10.00,0.00,0.00,0.00,0.00,0.000,""
"SRRt","SR PICO DE MANGO Y FRAMBU","SUBRE","","",1000.00,0.00,10.00,0.00,0.00,0.00,0.00,0.000,""
"SRRu","SR PIERNA AL HORNO","SUBRE","","",1000.00,0.00,10.00,0.00,0.00,0.00,0.00,0.000,""
"SRRv","SR PIPIAN ROJO","SUBRE","","",1000.00,0.00,10.00,0.00,0.00,0.00,0.00,0.000,""
"SRRw","SR PIPIAN VERDE","SUBRE","","",1000.00,0.00,10.00,0.00,0.00,0.00,0.00,0.000,""
"SRRx","SR PULPO COCIDO","SUBRE","","",1000.00,0.00,10.00,0.00,0.00,0.00,0.00,0.000,""
"SRRy","SR RAJAS POBLANAS","SUBRE","","",1000.00,0.00,10.00,0.00,0.00,0.00,0.00,0.000,""
"SRRz","SR SALSA CERVEZA","SUBRE","","",1000.00,0.00,10.00,0.00,0.00,0.00,0.00,0.000,""
"SRR!","SR SALSA DULCE DE LECHE","SUBRE","","",1000.00,0.00,10.00,0.00,0.00,0.00,0.00,0.000,""
"SRR""","SR SALSA FRUTOS ROJOS","SUBRE","","",1000.00,0.00,10.00,0.00,0.00,0.00,0.00,0.000,""
"SRR#","SR SALSA DE ROMPOPE","SUBRE","","",1000.00,0.00,10.00,0.00,0.00,0.00,0.00,0.000,""
"SRR$","SR SALSA MACHA","SUBRE","","",1000.00,0.00,10.00,0.00,0.00,0.00,0.00,0.000,""
"SRR%","SR SALSA MORITA","SUBRE","","",1000.00,0.00,10.00,0.00,0.00,0.00,0.00,0.000,""
"SRR&","SR SALSA NEGRA","SUBRE","","",1000.00,0.00,10.00,0.00,0.00,0.00,0.00,0.000,""
"SRR(","SR SALSA ORIENTAL","SUBRE","","",1000.00,0.00,10.00,0.00,0.00,0.00,0.00,0.000,""
"SRR)","SR SALSA PONZU","SUBRE","","",1000.00,0.00,10.00,0.00,0.00,0.00,0.00,0.000,""
"SRR;","SR SALSA ROJA","SUBRE","","",1000.00,0.00,10.00,0.00,0.00,0.00,0.00,0.000,""
"SRR.","SR SALSA TAQUERA","SUBRE","","",1000.00,0.00,10.00,0.00,0.00,0.00,0.00,0.000,""
"SRR:","SR SALSA VENENO","SUBRE","","",1000.00,0.00,10.00,0.00,0.00,0.00,0.00,0.000,""
"SRR[","SR SALSA VERDE","SUBRE","","",1000.00,0.00,10.00,0.00,0.00,0.00,0.00,0.000,""
"SRR{","SR SALSA VERDE HABANERO","SUBRE","","",1000.00,0.00,10.00,0.00,0.00,0.00,0.00,0.000,""
"SRR]","SR SALSA VERDE CON AGUACA","SUBRE","","",1000.00,0.00,10.00,0.00,0.00,0.00,0.00,0.000,""
"SRR}","SR SALSA VILLAMELON","SUBRE","","",1000.00,0.00,10.00,0.00,0.00,0.00,0.00,0.000,""
"SRR<","SR SHORT RIB","SUBRE","","",1000.00,0.00,10.00,0.00,0.00,0.00,0.00,0.000,""
"SRR>","SR SOLETA","SUBRE","","",1000.00,0.00,10.00,0.00,0.00,0.00,0.00,0.000,""
"SRR-","SR SOPA DE TORTILLA","SUBRE","","",1000.00,0.00,10.00,0.00,0.00,0.00,0.00,0.000,""
"SRR_","SR SPAGUETTI BLANCO","SUBRE","","",1000.00,0.00,10.00,0.00,0.00,0.00,0.00,0.000,""
"SRR|","SR SPAGUETTI COCIDO","SUBRE","","",1000.00,0.00,10.00,0.00,0.00,0.00,0.00,0.000,""
"SRR","SR SUADERO","SUBRE","","",1000.00,0.00,10.00,0.00,0.00,0.00,0.00,0.000,""
"SRR","SR TARTARA JALAPE벮","SUBRE","","",1000.00,0.00,10.00,0.00,0.00,0.00,0.00,0.000,""
"PULQ","PULQUE","TEQUI","ML","",1000.00,0.00,10.00,0.00,35.00,36.14,0.00,0.000,""
"TE10","100 A벮S REP.VERDE 750 ML","TEQUI","ML","",750.00,0.00,10.00,0.00,120.00,120.01,0.00,0.000,""
"TE18","1800 A벤JO","TEQUI","ML","",700.00,0.00,10.00,0.00,420.13,420.13,16.00,0.000,""
"TE1B","1800 BLANCO","TEQUI","ML","",700.00,0.00,10.00,0.00,268.62,274.00,16.00,0.000,""
"TE1C","1800 CRISTALINO","TEQUI","ML","",700.00,0.00,10.00,0.00,487.28,487.28,16.00,0.000,""
"TE1R","1800 REPOSADO","TEQUI","ML","",700.00,0.00,10.00,0.00,308.75,308.75,16.00,0.000,""
"TE3A","3 GEN.A벤JO","TEQUI","ML","",750.00,0.00,10.00,0.00,448.19,434.12,16.00,0.000,""
"TE3G","3 GEN.REPOSADO","TEQUI","ML","",750.00,0.00,10.00,0.00,510.00,0.00,16.00,0.000,""
"TEAC","CENTENARIO AZUL","TEQUI","ML","",750.00,0.00,10.00,0.00,159.70,159.70,16.00,0.000,""
"TEAN","HERRAD.ANT.REP","TEQUI","ML","",750.00,0.00,10.00,0.00,185.34,185.34,16.00,0.000,""
"TEAP","ALTOS PLATA","TEQUI","ML","",750.00,0.00,10.00,0.00,1.00,0.00,16.00,0.000,""
"TEAR","ALTOS REPOSADO","TEQUI","ML","",750.00,0.00,10.00,0.00,290.73,145.87,16.00,0.000,""
"TEAZ","LOS AZULEJOS","TEQUI","ML","",750.00,0.00,10.00,0.00,276.52,276.53,0.00,0.000,""
"TEBL","CAZADORES BCO. LT.","TEQUI","ML","",950.00,0.00,10.00,0.00,173.04,173.46,0.00,0.000,""
"TEC3","CUERVO TRAD 3LTS","TEQUI","ML","",3000.00,0.00,10.00,0.00,763.47,739.65,0.00,0.000,""
"TECA","CAZADORES REP. 750","TEQUI","ML","",750.00,0.00,10.00,0.00,427.01,364.57,0.00,0.000,""
"TECE","CENTENARIO REP. 750 ML.","TEQUI","ML","",750.00,0.00,10.00,0.00,147.64,147.65,16.00,0.000,""
"TECJ","CORRALEJO REP. LTO.","TEQUI","ML","",999.99,0.00,10.00,0.00,152.17,148.76,0.00,0.000,""
"TECL","CUERVO TRAD.PLATA","TEQUI","ML","",750.00,0.00,10.00,0.00,171.55,171.55,16.00,0.000,""
"TECM","CAZADORES REP MISIL","TEQUI","ML","",750.00,0.00,10.00,0.00,427.01,420.36,0.00,0.000,""
"TECO","CONMEMORATIVO","TEQUI","ML","",940.00,0.00,10.00,0.00,160.87,160.87,0.00,0.000,""
"TECP","CENTENARIO PLATA 700 ML.","TEQUI","ML","",750.00,0.00,10.00,0.00,190.00,190.00,16.00,0.000,""
"TECR","CUERVO TRAD.","TEQUI","ML","",695.00,0.00,10.00,0.00,214.57,214.57,16.00,0.000,""
"TECS","CUERVO ESPECIAL 990","TEQUI","ML","",990.00,0.00,10.00,0.00,77.82,77.82,0.00,0.000,""
"TEC","CENTENARIO A벤JO","TEQUI","ML","",750.00,0.00,10.00,0.00,386.55,373.26,16.00,0.000,""
"TED1","DON JULIO 70","TEQUI","ML","",750.00,0.00,10.00,0.00,482.72,482.72,16.00,0.000,""
"TED4","DON JULIO 1942","TEQUI","ML","",750.00,0.00,10.00,0.00,1120.69,1044.79,16.00,0.000,""
"TEDB","DON JULIO BLANCO 750","TEQUI","ML","",750.00,0.00,10.00,0.00,250.00,250.00,16.00,0.000,""
"TEDJ","DON JULIO REP. 750 ML.","TEQUI","ML","",750.00,0.00,10.00,0.00,306.03,306.03,16.00,0.000,""
"TEEB","ESPOLON BCO","TEQUI","ML","",750.00,0.00,10.00,0.00,208.02,184.11,16.00,0.000,""
"TEEC","ESPOLON COLORADO","TEQUI","ML","",750.00,0.00,10.00,0.00,268.62,250.12,16.00,0.000,""
"TEEM","ESPOLON MARANON","TEQUI","ML","",750.00,0.00,10.00,0.00,343.97,294.58,16.00,0.000,""
"TEHA","HERRAD.A벤JO TEQ","TEQUI","ML","",750.00,0.00,10.00,0.00,394.83,394.41,16.00,0.000,""
"TEHB","HERRAD.BCO","TEQUI","ML","",950.00,0.00,10.00,0.00,249.91,249.91,16.00,0.000,""
"TEHD","HERRAD.BCO.DIRECTO ALAMBI","TEQUI","ML","",750.00,0.00,10.00,0.00,589.55,294.78,16.00,0.000,""
"TEHJ","HERRAD.ANT.ANEJO","TEQUI","ML","",750.00,0.00,10.00,0.00,0.00,0.00,0.00,0.000,""
"TEHL","HACIENDA BLACK","TEQUI","ML","",750.00,0.00,10.00,0.00,100.00,0.00,0.00,0.000,""
"TEHN","HERRAD.ANT.PLATA","TEQUI","ML","",750.00,0.00,10.00,0.00,192.46,192.46,16.00,0.000,""
"TEHP","HORNITOS PLATA 750 ML.","TEQUI","ML","",750.00,0.00,10.00,0.00,112.17,0.00,0.00,0.000,""
"TEHR","HERRAD.REPOSADO","TEQUI","ML","",950.00,0.00,10.00,0.00,287.88,287.88,16.00,0.000,""
"TEHS","SAUZA HDA.REP. 700 MLS.","TEQUI","ML","",700.00,0.00,10.00,0.00,107.83,107.85,0.00,0.000,""
"TEHT","HERRAD.PLATA","TEQUI","ML","",750.00,0.00,10.00,0.00,255.17,255.18,16.00,0.000,""
"TEHU","HERRAD.SEL.SUPREMA","TEQUI","ML","",750.00,0.00,10.00,0.00,2122.44,1061.22,16.00,0.000,""
"TEHX","HERRAD.ULTRA","TEQUI","ML","",750.00,0.00,10.00,0.00,443.97,443.98,16.00,0.000,""
"TEHZ","HERRAD.ANT.BCO","TEQUI","ML","",750.00,0.00,10.00,0.00,145.73,109.55,0.00,0.000,""
"TEH","HORNITOS A벤JO 750 ML.","TEQUI","ML","",750.00,0.00,10.00,0.00,173.04,0.00,0.00,0.000,""
"TEJ7","JIMADOR REP 700","TEQUI","ML","",700.00,0.00,10.00,0.00,108.11,108.12,16.00,0.000,""
"TEJA","DON JULIO A벤JO","TEQUI","ML","",750.00,0.00,10.00,0.00,422.41,424.30,16.00,0.000,""
"TEJB","JIMADOR BCO","TEQUI","ML","",750.00,0.00,10.00,0.00,90.61,90.42,0.00,0.000,""
"TEJF","JIMADOR FUEGO","TEQUI","ML","",750.00,0.00,10.00,0.00,1.00,0.00,0.00,0.000,""
"TEJI","JIMADOR LT.","TEQUI","ML","",950.00,0.00,10.00,0.00,109.53,103.38,0.00,0.000,""
"TEJJ","JIMADOR ANEJO","TEQUI","ML","",750.00,0.00,10.00,0.00,214.66,207.64,16.00,0.000,""
"TEMA","MAESTRO TEQ.A벤JO","TEQUI","ML","",750.00,0.00,10.00,0.00,404.31,302.56,16.00,0.000,""
"TEMB","MAESTRO TEQ.BCO","TEQUI","ML","",750.00,0.00,10.00,0.00,335.78,335.84,16.00,0.000,""
"TEMD","MAESTRO TEQ.DOB.DIAMANTE","TEQUI","ML","",750.00,0.00,10.00,0.00,484.01,484.01,16.00,0.000,""
"TEME","MILAGRO REPOSADO","TEQUI","ML","",750.00,0.00,10.00,0.00,217.24,190.65,16.00,0.000,""
"TEMP","MILAGRO PLATA","TEQUI","ML","",750.00,0.00,10.00,0.00,185.34,170.44,16.00,0.000,""
"TEMR","MAESTRO TEQ.REPOSADO","TEQUI","ML","",750.00,0.00,10.00,0.00,390.65,390.33,16.00,0.000,""
"TEOO","ORENDAIN OLLITAS","TEQUI","ML","",750.00,0.00,10.00,0.00,1.00,0.00,16.00,0.000,""
"TEOR","ORENDAIN REPOSADO","TEQUI","ML","",750.00,0.00,10.00,0.00,1.00,0.00,16.00,0.000,""
"TEPA","PATRON A벤JO","TEQUI","ML","",750.00,0.00,10.00,0.00,545.80,474.52,16.00,0.000,""
"TEPR","PATRON REPOSADO","TEQUI","ML","",750.00,0.00,10.00,0.00,1.00,0.00,0.00,0.000,""
"TEPS","PATRON SILVER","TEQUI","ML","",750.00,0.00,10.00,0.00,1.00,0.00,0.00,0.000,""
"TEPX","PATRON XO","TEQUI","ML","",750.00,0.00,10.00,0.00,1.00,0.00,0.00,0.000,""
"TERA","RESERVA FAMILIA A벤JO","TEQUI","ML","",750.00,0.00,10.00,0.00,1422.41,1380.77,16.00,0.000,""
"TERB","CASA DRAGONES BCO","TEQUI","ML","",750.00,0.00,10.00,0.00,948.28,711.46,16.00,0.000,""
"TERH","REAL HACIENDA","TEQUI","ML","",750.00,0.00,10.00,0.00,100.00,0.00,0.00,0.000,""
"TERJ","CASA DRAGONES JOVEN","TEQUI","ML","",750.00,0.00,10.00,0.00,1.00,0.00,0.00,0.000,""
"TERR","RESERVA FAM.REPOSADO","TEQUI","ML","",750.00,0.00,10.00,0.00,901.68,451.34,16.00,0.000,""
"TERS","RESERVA FAM PLATINO","TEQUI","ML","",750.00,0.00,10.00,0.00,490.52,473.93,16.00,0.000,""
"TESA","SUAVE 35 MANDARIN","TEQUI","ML","",750.00,0.00,10.00,0.00,1.00,0.00,0.00,0.000,""
"TESC","SUAVE 35 CITRUS","TEQUI","ML","",750.00,0.00,10.00,0.00,1.00,0.00,0.00,0.000,""
"TESH","SAUZA HORNITOS","TEQUI","ML","",684.00,0.00,10.00,0.00,117.39,117.39,0.00,0.000,""
"TESM","SUAVE 35 MANDARINE TEQ.","TEQUI","ML","",1000.00,0.00,10.00,0.00,155.65,0.00,0.00,0.000,""
"TESU","HERRAD.SUAVE","TEQUI","ML","",700.00,0.00,10.00,0.00,112.20,111.55,0.00,0.000,""
"TETB","TEZON BCO","TEQUI","ML","",750.00,0.00,10.00,0.00,1.00,0.00,0.00,0.000,""
"TETP","TRADICIONAL PLATA","TEQUI","ML","",750.00,0.00,10.00,0.00,232.59,116.30,16.00,0.000,""
"TETR","TEZON REPOSADO","TEQUI","ML","",750.00,0.00,10.00,0.00,1.00,0.00,0.00,0.000,""
"TEVR","VIUDA DE ROMERO","TEQUI","ML","",750.00,0.00,10.00,0.00,100.00,0.00,0.00,0.000,""
"TEZA","CAZADORES A벤JO 750 ML","TEQUI","ML","",750.00,0.00,10.00,0.00,247.83,0.00,0.00,0.000,""
"CIRO","CINZANO ROJO","VINOS","ML","",750.00,0.00,10.00,0.00,123.23,129.67,16.00,0.000,""
"SIDR","SIDRA KOPPARBERG 300 ML.","VINOS","ML","",300.00,0.00,10.00,0.00,23.80,23.80,0.00,0.000,""
"STAC","STA HELENA CHARDONAY","VINOS","75","",750.00,0.00,10.00,0.00,211.21,207.08,0.00,0.000,""
"VBAM","ASTI MARTI","VINOS","ML","",750.00,0.00,10.00,0.00,206.90,182.66,16.00,0.000,""
"VBAN","ANDRE ESPUMOSO","VINOS","ML","",750.00,0.00,10.00,0.00,1.00,0.00,0.00,0.000,""
"VBAS","ASTI RICADONNA","VINOS","ML","",750.00,0.00,10.00,0.00,176.07,139.76,16.00,0.000,""
"VBCB","CRUZ BLANCA BLANCO 4 LTS.","VINOS","ML","",4000.00,0.00,10.00,0.00,17.94,17.94,0.00,0.000,""
"VBEC","ELENA CHARDONAY","VINOS","ML","",750.00,0.00,10.00,0.00,1.00,0.00,0.00,0.000,""
"VBGA","LA CETTO BLANCO 750 ML","VINOS","ML","",750.00,0.00,10.00,0.00,64.33,64.33,0.00,0.000,""
"VBKB","KORBEL BRUT","VINOS","ML","",750.00,0.00,10.00,0.00,1.00,0.00,0.00,0.000,""
"VBKO","KORBEL SWEET ROSE","VINOS","ML","",750.00,0.00,10.00,0.00,1.00,0.00,0.00,0.000,""
"VBME","MARTINI ESPUMOSO","VINOS","ML","",750.00,0.00,10.00,0.00,1.00,0.00,0.00,0.000,""
"VEMM","MOSCATO MEDITERRANEO","VINOS","ML","",750.00,0.00,10.00,0.00,225.00,225.00,16.00,0.000,""
"VI01","SANTA ELENA VERNUS BLEND","VINOS","ML","",750.00,0.00,10.00,0.00,335.00,0.00,0.00,0.000,""
"VIBB","VINO BLANCO BATALLA","VINOS","ML","",1000.00,0.00,10.00,0.00,200.01,100.01,0.00,0.000,""
"VIC2","CASA M,ADERO 2V","VINOS","ML","",750.00,0.00,10.00,0.00,181.03,180.99,16.00,0.000,""
"VICC","CASA MADERO CAB. SAUV","VINOS","ML","",750.00,0.00,10.00,0.00,249.37,246.48,16.00,0.000,""
"VICS","CASA MADERO SHIRAZ","VINOS","ML","",750.00,0.00,10.00,0.00,249.37,249.37,16.00,0.000,""
"VIMC","MATARROMERA CRIANZA","VINOS","ML","",750.00,0.00,10.00,0.00,486.84,485.16,16.00,0.000,""
"VIMM","CASA MADERO MERLOT","VINOS","ML","",750.00,0.00,10.00,0.00,229.82,229.82,16.00,0.000,""
"VIMO","MOSCATO ESP.PETALO","VINOS","ML","",750.00,0.00,10.00,0.00,179.35,171.45,16.00,0.000,""
"VTC3","CASA MADERO 3V","VINOS","ML","",750.00,0.00,10.00,0.00,249.37,249.38,16.00,0.000,""
"VTC4","CALIFORNIA TTO 4 LTS","VINOS","ML","",4000.00,0.00,10.00,0.00,159.48,159.64,16.00,0.000,""
"VTCB","CRUZ BLANCA TINTO  4 LTS.","VINOS","ML","",4000.00,0.00,10.00,0.00,17.94,17.95,0.00,0.000,""
"VTCD","CASILLERO DEL DIABLO","VINOS","ML","",750.00,0.00,10.00,0.00,83.48,83.49,0.00,0.000,""
"VTCS","CABERNET SAVIGNON","VINOS","ML","",750.00,0.00,10.00,0.00,0.00,0.00,0.00,0.000,""
"VTCT","CASILLEROS DE TIEBAS","VINOS","ML","",750.00,0.00,10.00,0.00,25.00,0.00,0.00,0.000,""
"VTEV","ELENA VERNUS BLEND","VINOS","ML","",750.00,0.00,10.00,0.00,1.00,0.00,0.00,0.000,""
"VTFC","FINCA LA CELIA","VINOS","ML","",750.00,0.00,10.00,0.00,272.06,136.53,0.00,0.000,""
"VTFM","GRAFFIGNA MALBEC G.R","VINOS","ML","",750.00,0.00,10.00,0.00,284.48,257.54,0.00,0.000,""
"VTG4","XA DOMEC SAB SAU 375 M","VINOS","ML","",375.00,0.00,10.00,0.00,30.43,30.37,0.00,0.000,""
"VTGC","CASA GDE CABERNET","VINOS","ML","",750.00,0.00,10.00,0.00,468.65,234.83,16.00,0.000,""
"VTGN","LA CETTO CAB SAU 750 ML.","VINOS","ML","",750.00,0.00,10.00,0.00,65.22,65.22,0.00,0.000,""
"VTGR","GRAQFFINGA PINOT GRIGO","VINOS","ML","",750.00,0.00,10.00,0.00,161.17,161.97,0.00,0.000,""
"VTGS","GRAFFIGNA C.S.CENTENARIO","VINOS","ML","",750.00,0.00,10.00,0.00,162.87,162.78,0.00,0.000,""
"VTGT","GRAFIN SANTIAGO","VINOS","ML","",750.00,0.00,10.00,0.00,175.26,88.13,0.00,0.000,""
"VTMC","MARQUES CACERES TTO","VINOS","ML","",750.00,0.00,10.00,0.00,138.29,138.28,0.00,0.000,""
"VTMP","MARQUES PLUMA COSECHA","VINOS","ML","",750.00,0.00,10.00,0.00,231.00,231.00,16.00,0.000,""
"VTMT","MARIA TINTO","VINOS","ML","",750.00,0.00,10.00,0.00,494.66,494.66,16.00,0.000,""
"VTRM","RESERVA MAGNA","VINOS","ML","",750.00,0.00,10.00,0.00,1.00,0.00,0.00,0.000,""
"VTRR","RESERVA REAL DOMECQ","VINOS","ML","",750.00,0.00,10.00,0.00,148.45,149.02,0.00,0.000,""
"VTSA","SUAVE GAUDINA","VINOS","ML","",750.00,0.00,10.00,0.00,225.00,0.00,0.00,0.000,""
"VTSG","CASA GDE SHIRAZ","VINOS","ML","",750.00,0.00,10.00,0.00,490.52,361.71,16.00,0.000,""
"VTSH","SANTA HELENA R.C.","VINOS","ML","",750.00,0.00,10.00,0.00,145.04,109.03,0.00,0.000,""
"VTSV","SANTA HELENA VARIETAL","VINOS","ML","",750.00,0.00,10.00,0.00,92.79,81.32,0.00,0.000,""
"VTTA","TERRAZAS ANDES MALBEC","VINOS","ML","",750.00,0.00,10.00,0.00,265.41,278.00,0.00,0.000,""
"VTVF","VI베 FLORA","VINOS","ML","",750.00,0.00,10.00,0.00,197.00,148.00,16.00,0.000,""
"ABEL","ABSOLUT ELYX","VODKA","ML","",750.00,0.00,0.00,0.00,410.26,205.13,16.00,0.000,""
"ABGM","GREY GOOSE 1.750","VODKA","ML","",1750.00,0.00,0.00,0.00,846.84,844.20,0.00,0.000,""
"VOAB","ABSOLUT AZUL 750 ML","VODKA","ML","",750.00,0.00,6.00,0.00,184.98,184.98,16.00,0.000,""
"VOAE","ABSOLUT PEARS","VODKA","ML","",750.00,0.00,2.00,0.00,184.98,184.98,16.00,0.000,""
"VOAG","ABSOLUT lima","VODKA","ML","",750.00,0.00,2.00,0.00,1.00,0.00,0.00,0.000,""
"VOAK","ABSOLUT KURANT 750 M","VODKA","ML","",750.00,0.00,0.00,0.00,175.00,0.00,0.00,0.000,""
"VOAM","ABSOLUT MANDARINE 750 ML","VODKA","ML","",750.00,0.00,2.00,0.00,184.98,184.98,16.00,0.000,""
"VOAP","ABSOLUT APEACH 750 ML.","VODKA","ML","",750.00,0.00,0.00,0.00,143.48,143.87,0.00,0.000,""
"VOAR","ABSOLUT RASPBERRY 750 ML","VODKA","ML","",750.00,0.00,2.00,0.00,184.98,184.98,16.00,0.000,""
"VOAV","ABSOLUT VAINILLA","VODKA","ML","",750.00,0.00,0.00,0.00,135.65,135.29,0.00,0.000,""
"VOBE","BELVEDERE","VODKA","ML","",750.00,0.00,2.00,0.00,482.37,481.71,16.00,0.000,""
"VOCB","CIROC RED BERRY","VODKA","ML","",750.00,0.00,0.00,0.00,1.00,0.00,0.00,0.000,""
"VOCC","CIROC COCONUT","VODKA","ML","",750.00,0.00,0.00,0.00,1.00,0.00,0.00,0.000,""
"VOCI","ABSOLUT CITRON 750 ML","VODKA","ML","",750.00,0.00,2.00,0.00,184.98,138.01,16.00,0.000,""
"VOCR","CIROC","VODKA","ML","",750.00,0.00,2.00,0.00,439.66,425.93,16.00,0.000,""
"VODA","DANZKA VODKA NATURAL","VODKA","ML","",750.00,0.00,0.00,0.00,113.05,113.71,0.00,0.000,""
"VODC","DANZKA CITRON VODKA","VODKA","ML","",750.00,0.00,0.00,0.00,126.09,133.92,0.00,0.000,""
"VOER","ERISTOIF","VODKA","ML","",750.00,0.00,0.00,0.00,67.83,67.83,0.00,0.000,""
"VOFC","FINLANDIA CRANBERRY","VODKA","ML","",750.00,0.00,0.00,0.00,1.00,0.00,0.00,0.000,""
"VOFI","FINLANDIA","VODKA","ML","",750.00,0.00,0.00,0.00,206.22,103.11,16.00,0.000,""
"VOFL","FINLANDIA LIMON","VODKA","ML","",750.00,0.00,0.00,0.00,1.00,0.00,0.00,0.000,""
"VOFM","FINLANDIA MANGO","VODKA","ML","",750.00,0.00,0.00,0.00,1.00,0.00,0.00,0.000,""
"VOGC","GREY GOOSE CITRON","VODKA","ML","",750.00,0.00,0.00,0.00,1.00,0.00,0.00,0.000,""
"VOGL","GREY GOOSE LA POIRE","VODKA","ML","",750.00,0.00,0.00,0.00,1.00,0.00,0.00,0.000,""
"VOGO","GOTLAND","VODKA","ML","",750.00,0.00,2.00,0.00,139.22,128.59,16.00,0.000,""
"VOGR","GREY GOOSE VODKA 700 ML.","VODKA","ML","",700.00,0.00,2.00,0.00,422.41,422.41,16.00,0.000,""
"VOKE","KETEL ONE","VODKA","ML","",750.00,0.00,0.00,0.00,250.00,182.55,16.00,0.000,""
"VOMA","ABSOLUT MANGO","VODKA","ML","",750.00,0.00,2.00,0.00,184.98,184.98,16.00,0.000,""
"VOPU","PUR VODKA ULTRA PRMIUM","VODKA","ML","",750.00,0.00,0.00,0.00,1.00,0.00,16.00,0.000,""
"VORR","ABSOLUT RUBY RED 750 ML.","VODKA","ML","",750.00,0.00,0.00,0.00,156.52,157.01,0.00,0.000,""
"VOSE","STOLICHNAYA ELITE","VODKA","ML","",750.00,0.00,0.00,0.00,738.74,646.40,16.00,0.000,""
"VOSK","SKYY","VODKA","ML","",750.00,0.00,2.00,0.00,125.17,124.54,16.00,0.000,""
"VOSM","SMIRNOF","VODKA","ML","",1000.00,0.00,4.00,0.00,115.52,115.52,16.00,0.000,""
"VOSO","SMIRNOFF TAMARINDO","VODKA","ML","",750.00,0.00,3.00,0.00,182.63,148.82,16.00,0.000,""
"VOST","STOLICHNAYA NATURAL 750","VODKA","ML","",750.00,0.00,4.00,0.00,240.98,240.98,16.00,0.000,""
"VOSZ","SMIRNOFF MANZANA ELEC","VODKA","ML","",750.00,0.00,0.00,0.00,115.00,0.00,16.00,0.000,""
"VOTH","THREE OLIVES","VODKA","NM","",750.00,0.00,0.00,0.00,256.50,0.00,16.00,0.000,""
"VOWN","WYBOROWA NARANJA","VODKA","ML","",750.00,0.00,0.00,0.00,1.00,0.00,0.00,0.000,""
"VOWY","WYBOROWA NATURAL","VODKA","ML","",750.00,0.00,2.00,0.00,103.25,103.25,16.00,0.000,""
"JWPL","JW PLATINUM 18","WHISK","ML","",750.00,0.00,0.00,0.00,1812.93,1592.67,16.00,0.000,""
"WHB8","BUCHANNANS 18 A벮S","WHISK","ML","",750.00,0.00,4.00,0.00,1120.69,1120.69,16.00,0.000,""
"WHBA","BALLANTINES 12 A벮S 750 M","WHISK","ML","",750.00,0.00,0.00,0.00,389.11,387.17,16.00,0.000,""
"WHBB","BLACK BUSH","WHISK","ML","",750.00,0.00,1.00,0.00,464.35,347.18,16.00,0.000,""
"WHBF","BALLANTINE FINE","WHISK","ML","",750.00,0.00,2.00,0.00,175.86,175.86,16.00,0.000,""
"WHBL","BULLEIT","WHISK","ML","",750.00,0.00,2.00,0.00,305.25,304.72,16.00,0.000,""
"WHBM","BUCHANANS MASTER","WHISK","ML","",750.00,0.00,6.00,0.00,586.21,586.21,16.00,0.000,""
"WHBR","BUCHANANS RED SEAL","WHISK","ML","",750.00,0.00,0.00,0.00,2284.48,1677.80,16.00,0.000,""
"WHBS","BUSHMILLS BLACK BUSH","WHISK","ML","",750.00,0.00,0.00,0.00,1.00,0.00,0.00,0.000,""
"WHBU","BUCHANANS 12 A벮S","WHISK","ML","",750.00,0.00,24.00,0.00,504.31,504.31,16.00,0.000,""
"WHBW","BLACK & WHITE","WHISK","ML","",750.00,0.00,6.00,0.00,129.31,129.31,16.00,0.000,""
"WHC1","CHIVAS REGAL 21","WHISK","ML","",750.00,0.00,0.00,0.00,2309.47,1154.74,16.00,0.000,""
"WHC5","CHIVAS REGAL EXTRA","WHISK","ML","",750.00,0.00,2.00,0.00,1.00,0.00,0.00,0.000,""
"WHC8","CHIVAS REGAL 18 A벮S","WHISK","ML","",750.00,0.00,2.00,0.00,1159.48,1159.62,16.00,0.000,""
"WHCA","CARDHU SINGLE MALT","WHISK","ML","",750.00,0.00,0.00,0.00,538.79,269.40,16.00,0.000,""
"WHCL","CHIVAS MAGUM 1.5","WHISK","ML","",1500.00,0.00,0.00,0.00,1.00,0.00,0.00,0.000,""
"WHCM","CANADIAN MIST","WHISK","ML","",750.00,0.00,0.00,0.00,150.62,115.02,16.00,0.000,""
"WHCR","CHIVAS REGAL 12 A벮S","WHISK","ML","",750.00,0.00,4.00,0.00,474.13,474.14,16.00,0.000,""
"WHD2","DALMORE 12","WHISK","ML","",700.00,0.00,1.00,0.00,922.97,461.99,16.00,0.000,""
"WHD5","DALMORE 15","WHISK","ML","",700.00,0.00,0.00,0.00,1658.41,0.00,0.00,0.000,""
"WHD8","DALMORE 18","WHISK","ML","",750.00,0.00,0.00,0.00,3105.81,0.00,0.00,0.000,""
"WHDE","DEWARS 12 A벮S WHISKY","WHISK","ML","",750.00,0.00,1.00,0.00,260.00,130.00,0.00,0.000,""
"WHDW","DEWAR`S WHITE LABEL 750ML","WHISK","ML","",750.00,0.00,0.00,0.00,144.35,144.35,0.00,0.000,""
"WHEN","JW NEGRA","WHISK","ML","",750.00,0.00,12.00,0.00,515.52,515.52,16.00,0.000,""
"WHER","JW ROJA","WHISK","ML","",750.00,0.00,24.00,0.00,213.79,213.79,16.00,0.000,""
"WHET","EARLY TIMES","WHISK","ML","",750.00,0.00,0.00,0.00,123.56,61.78,16.00,0.000,""
"WHG1","GLENFIDICH 15","WHISK","ML","",750.00,0.00,0.00,0.00,918.10,459.55,16.00,0.000,""
"WHG5","GLENLIVET 15","WHISK","ML","",750.00,0.00,0.00,0.00,1.00,0.00,0.00,0.000,""
"WHG8","GLENFIDDICH 18","WHISK","ML","",750.00,0.00,3.00,0.00,1482.76,1482.28,16.00,0.000,""
"WHGE","GLENFIDDISH 12","WHISK","ML","",750.00,0.00,3.00,0.00,581.90,581.91,16.00,0.000,""
"WHGG","GLEN GRANT","WHISK","ML","",700.00,0.00,0.00,0.00,228.45,224.98,16.00,0.000,""
"WHGL","GLENLIVET 12","WHISK","ML","",750.00,0.00,0.00,0.00,634.00,443.41,0.00,0.000,""
"WHGM","GLENMORANGIE ORIGINAL","WHISK","ML","",750.00,0.00,1.00,0.00,692.84,688.84,16.00,0.000,""
"WHGN","GENTLEMAN JACK","WHISK","ML","",750.00,0.00,0.00,0.00,495.69,425.14,16.00,0.000,""
"WHJ#","JACK DANIELS 3 LTS","WHISK","ML","",750.00,0.00,0.00,0.00,1052.59,1048.49,0.00,0.000,""
"WHJ1","JURA ORIGIN 10","WHISK","ML","",700.00,0.00,0.00,0.00,724.21,0.00,0.00,0.000,""
"WHJ6","SINGLETON 12","WHISK","ML","",700.00,0.00,2.00,0.00,1127.58,0.00,0.00,0.000,""
"WHJA","JAMESON","WHISK","ML","",750.00,0.00,0.00,0.00,265.52,265.05,16.00,0.000,""
"WHJB","J & B","WHISK","ML","",750.00,0.00,0.00,0.00,168.97,168.97,16.00,0.000,""
"WHJD","JACK DANIELS","WHISK","ML","",700.00,0.00,6.00,0.00,273.28,273.28,16.00,0.000,""
"WHJH","JACK DANIELS HONEY","WHISK","ML","",750.00,0.00,4.00,0.00,273.28,273.28,16.00,0.000,""
"WHJK","JW DOUBLE BLACK","WHISK","ML","",750.00,0.00,3.00,0.00,579.31,579.31,16.00,0.000,""
"WHJO","JW DORADA","WHISK","ML","",750.00,0.00,2.00,0.00,745.69,745.46,16.00,0.000,""
"WHJP","JURA PROPHECY SINGLE MALT","WHISK","ML","",700.00,0.00,0.00,0.00,1405.60,0.00,0.00,0.000,""
"WHJR","JAMESON SP RESERVA","WHISK","ML","",750.00,0.00,2.00,0.00,1.00,0.00,0.00,0.000,""
"WHJS","JACK DANIELS SINGLE BARRE","WHISK","ML","",750.00,0.00,0.00,0.00,861.21,660.68,16.00,0.000,""
"WHJU","JURA SUPERSTITION","WHISK","ML","",700.00,0.00,0.00,0.00,898.35,0.00,16.00,0.000,""
"WHJV","JW VERDE","WHISK","ML","",750.00,0.00,1.00,0.00,850.00,849.07,16.00,0.000,""
"WHJZ","JW AZUL","WHISK","ML","",750.00,0.00,0.00,0.00,3232.76,3173.73,16.00,0.000,""
"WHM5","MACALLAN 15","WHISK","ML","",700.00,0.00,0.00,0.00,1.00,0.00,16.00,0.000,""
"WHM8","MACALLAN 18 A벮S","WHISK","ML","",750.00,0.00,0.00,0.00,1.00,0.00,0.00,0.000,""
"WHMA","MACALLAN AMBER","WHISK","ML","",700.00,0.00,1.00,0.00,1.00,0.00,16.00,0.000,""
"WHMC","MACALLAN 12 A벮S","WHISK","ML","",750.00,0.00,4.00,0.00,853.45,853.45,16.00,0.000,""
"WHMK","MACALLAN RARE CASK","WHISK","ML","",700.00,0.00,0.00,0.00,1.00,0.00,16.00,0.000,""
"WHMR","MACALLAN RUBY","WHISK","ML","",750.00,0.00,0.00,0.00,4344.83,2172.92,16.00,0.000,""
"WHNO","NOMAD","WHISK","ML","",700.00,0.00,0.00,0.00,1.00,0.00,16.00,0.000,""
"WHOM","OLD PARR SMUGGLER","WHISK","ML","",750.00,0.00,0.00,0.00,88.79,66.60,16.00,0.000,""
"WHOP","OLD PARR","WHISK","ML","",750.00,0.00,3.00,0.00,409.48,409.48,16.00,0.000,""
"WHOS","OLD PARR SILVER","WHISK","ML","",750.00,0.00,0.00,0.00,331.90,331.90,16.00,0.000,""
"WHPA","PASSPORT","WHISK","ML","",750.00,0.00,2.00,0.00,117.24,117.24,16.00,0.000,""
"WHWO","WOODFORD","WHISK","ML","",750.00,0.00,0.00,0.00,1.00,0.00,0.00,0.000,""
"WHWT","WILD TURKEY","WHISK","ML","",750.00,0.00,0.00,0.00,215.52,209.60,16.00,0.000,""
