codingre,descrip,familia,unidad,empaque,equivale,inventa1,stockmax,ultcosto,costoprome,impuesto
"A001","JARDIN","PRODU","gr","",1000.00,0.00,0.00,1.75,5.38,0.00
"A005","ACEITE OLIVO","ABARR","ml","BIDON",3000.00,0.00,0.00,281.32,281.33,0.00
"A006","ACEITE VEGETAL","ABARR","ml","LITRO",20000.0,0.49,0.00,422.00,422.00,0.00
"A008","ACEITUNA VERDE","ABARR","gr","",450.00,2.00,0.00,59.50,59.51,0.00
"A009","ACHIOTE","ABARR","GR","",1000.00,0.00,0.00,48.60,50.06,0.00
"A015","ALCAPARRA","ABARR","gr","",605.00,2.00,0.00,85.00,70.93,0.00
"A017","ALMEJAS LATA","ABARR","gr","",396.00,0.00,0.00,30.00,29.77,0.00
"A018","ANCHOAS","ABARR","gr","",80.00,1.00,0.00,31.00,31.00,0.00
"A019","ARROZ","ABARR","gr","",1000.00,0.00,0.00,21.35,21.33,0.00
"A021","ATE DE MEMBRILLO","ABARR","GR","",700.00,1.50,0.00,25.78,25.68,0.00
"A028","AZUCAR MORENA","ABARR","gr","",1000.00,0.00,0.00,22.14,17.66,0.00
"A029","AZUCAR MOSCABADO","ABARR","gr","",1000.00,0.00,0.00,25.00,22.80,0.00
"A030","AZUCAR REFINADA","ABARR","gr","",5000.00,2.00,0.00,15.94,15.95,0.00
"A038","CAFE SOLUBLE","ABARR","gr","",300.00,0.00,0.00,96.66,96.31,0.00
"A040","CAJETA","ABARR","gr","",1200.00,0.00,0.00,79.10,75.36,0.00
"A041","CAJUN ESPECIAS","ABARR","gr","",1000.00,1.00,0.00,60.00,59.96,0.00
"A043","CAMARON SECO","ABARR","gr","",1000.00,0.00,0.00,235.00,235.44,0.00
"A045","CANELA POLVO","ABARR","gr","",510.00,1.00,0.00,83.58,59.96,0.00
"A048","CEBOLLITAS CAMBRAY EN VIN","ABARR","gr","",180.00,0.00,0.00,13.00,6.50,0.00
"A050","CEREZAS ALMIBAR","ABARR","gr","",950.00,0.00,0.00,142.20,142.22,0.00
"A051","CERVEZA COCINA LATA","ABARR","pz","",355.00,0.00,0.00,9.36,7.02,16.00
"A052","CHICHARRIN BOLSA","ABARR","pz","",1.00,0.00,0.00,20.00,18.97,0.00
"A053","CHILE CHIPOTLES LATA","ABARR","gr","",1680.00,0.00,0.00,118.83,118.95,0.00
"A054","CHILE MIGUELITO","ABARR","gr","",950.00,0.00,0.00,33.50,16.75,0.00
"A056","CHILE TAJIN","ABARR","gr","",142.00,3.00,0.00,32.90,32.91,0.00
"A057","CHILES LARGOS LATA","ABARR","gr","",220.00,0.00,0.00,20.00,19.88,0.00
"A059","CHOCOLATE ABUELITA","ABARR","gr","",540.00,1.00,0.00,54.00,54.00,0.00
"A061","CHOCOLATE COCOA HERSHEY","ABARR","gr","",226.00,0.00,0.00,63.00,31.50,0.00
"A065","CHOCOLATE KISSES","ABARR","gr","",850.00,0.00,0.00,153.93,154.65,0.00
"A066","CHOCOLATE LIQUIDO","ABARR","ml","",456.00,0.00,0.00,41.00,38.35,0.00
"A067","CHOCOLATE MYM BOTE","ABARR","gr","",287.40,0.00,0.00,52.56,51.59,0.00
"A068","CHOCOLATE POLVO","ABARR","gr","",400.00,0.00,0.00,23.15,27.50,0.00
"A071","CHOC.TURIN OSCURO","ABARR","GR","",1000.00,1.40,0.00,140.00,140.00,0.00
"A072","CHOCOLATES BITES","ABARR","gr","",150.00,0.00,0.00,16.50,14.06,0.00
"A073","CHONGOS ZAMORANOS","ABARR","gr","",350.00,0.00,0.00,75.00,74.72,0.00
"A074","CHURROS","ABARR","pz","",100.00,0.50,0.00,732.27,732.28,0.00
"A075","CLAVO MOLIDO","ABARR","gr","",80.00,0.00,0.00,0.00,0.00,0.00
"A076","COCO","ABARR","gr","",1000.00,0.00,0.00,26.00,24.90,0.00
"A079","CONCENT.CAMARON","ABARR","gr","",1600.00,2.75,0.00,249.00,217.88,0.00
"A080","CONCENT.POLLO","ABARR","gr","",2000.00,1.50,0.00,175.62,174.31,0.00
"A081","CONCENT.RES","ABARR","gr","",1600.00,0.85,0.00,225.00,225.00,0.00
"A083","CORAZON DE ALCACHOFA","ABARR","gr","",250.00,0.00,0.00,85.00,0.00,0.00
"A084","CREMA DE AVELLANA NUTELLA","ABARR","gr","",1000.00,1.00,0.00,126.75,124.39,0.00
"A085","CREMA DE CACAHUATE","ABARR","gr","",340.00,1.00,0.00,34.24,50.22,0.00
"A086","CREMA DE COCO CALAHUA","ABARR","ml","",1000.00,-0.18,0.00,38.63,38.62,0.00
"A087","CROUTONES","ABARR","gr","",907.00,1.00,0.00,110.82,106.29,0.00
"A089","DEMI GLASS","ABARR","gr","",1200.00,0.00,0.00,250.00,125.00,0.00
"A092","DULCE COCADAS","ABARR","pz","",10.00,0.00,0.00,3.13,3.13,0.00
"A105","DURAZNO EN ALMIBAR","ABARR","gr","",480.00,1.00,0.00,32.69,32.70,0.00
"A106","ELOTE LATA","ABARR","gr","",1625.00,4.00,0.00,11.90,13.52,0.00
"A109","ESTRAGON","ABARR","gr","",1000.00,0.00,0.00,376.00,376.00,0.00
"A110","FCULA DE MAIZ MAIZENA","ABARR","gr","",750.00,0.00,0.00,36.63,36.37,0.00
"A112","FRIJOL NEGRO","ABARR","gr","",900.00,3.00,0.00,22.41,22.51,0.00
"A114","FRIJOL PINTO","ABARR","gr","",900.00,3.00,0.00,22.59,22.60,0.00
"A119","GALLETAS RITZ","ABARR","gr","",810.00,0.00,0.00,23.50,83.75,0.00
"A121","GALLETAS SALMAS","ABARR","pz","",36.00,0.81,0.00,64.82,64.72,0.00
"A123","GALLLETAS WAFERS","ABARR","pz","",300.00,0.00,0.00,19.90,19.49,0.00
"A124","GIN SEN CAPSULAS 10PZ","ABARR","pz","",10.00,0.00,0.00,69.90,67.44,0.00
"A125","GLUCOSA","ABARR","GR","",1000.00,0.00,0.00,36.50,36.50,0.00
"A128","HARINA DE MAIZ MASECA","ABARR","gr","",2000.00,1.75,0.00,11.50,11.51,0.00
"A129","HARINA DE TRIGO","ABARR","gr","",1000.00,1.00,0.00,8.50,8.51,0.00
"A131","HIERBAS FINAS","ABARR","gr","",30.00,0.00,0.00,32.00,32.00,0.00
"A132","HOJAS DE LAUREL FCO","ABARR","gr","",1.00,0.00,0.00,23.00,23.00,0.00
"A133","HUEVO DE CODORNIZ","ABARR","pz","",25.00,0.00,0.00,25.00,25.00,0.00
"A134","HUEVO PZA","ABARR","pz","",1.00,4.00,0.00,2.20,2.20,0.00
"A136","JARABE FRESA","ABARR","ml","",1000.00,0.00,0.00,60.00,58.41,0.00
"A137","JARABE MANGO","ABARR","ml","",1000.00,0.00,0.00,60.00,60.00,0.00
"A138","JARABE MARACUYA","ABARR","ml","",1000.00,1.00,0.00,55.00,65.98,0.00
"A139","JARABE TAMARINDO","ABARR","ml","",1000.00,0.00,0.00,34.50,44.99,0.00
"A140","JARABE ZARZAMORA","ABARR","ml","",1000.00,0.00,0.00,38.70,19.35,0.00
"A141","JEREZ TRES CORONAS","ABARR","ml","",1000.00,0.00,0.00,49.14,53.07,0.00
"A143","LECHE CONDENSADA LECHERA","ABARR","ml","",243.00,2.00,0.00,18.90,19.22,0.00
"A144","LECHE DESLACTOSADA","ABARR","ml","",1000.00,0.00,0.00,18.83,18.63,0.00
"A145","LECHE DESLACTOSADA LIGHT","ABARR","ml","",1000.00,0.00,0.00,17.75,17.93,0.00
"A146","LECHE ENTERA","ABARR","ml","",1000.00,2.00,0.00,17.75,17.75,0.00
"A147","LECHE EVAPORADA CARNATION","ABARR","ml","",1000.00,-0.14,0.00,35.88,34.06,0.00
"A151","LICHI EN ALMIBAR","ABARR","gr","",255.00,0.00,0.00,56.50,38.25,0.00
"A152","LICOR AMARETTO","ABARR","ml","",750.00,0.00,0.00,136.21,141.66,0.00
"A154","MAIZ POZOLERO","ABARR","gr","",2150.00,0.00,0.00,16.00,21.36,0.00
"A156","MANGO EN ALMIBAR","ABARR","gr","",480.00,0.00,0.00,27.88,27.89,0.00
"A162","MASA AZUL","ABARR","gr","",1000.00,3.71,0.00,15.00,7.50,0.00
"A163","MASA BLANCA","ABARR","gr","",1000.00,0.00,0.00,10.00,10.00,0.00
"A164","MAYONESA","ABARR","gr","",3400.00,1.00,0.00,162.90,162.90,0.00
"A173","MOLE","ABARR","gr","",1000.00,0.00,0.00,168.00,168.00,0.00
"A175","MOSTAZA ANTIGUA","ABARR","gr","",210.00,0.00,0.00,79.70,39.85,0.00
"A176","MOSTAZA DIJON","ABARR","gr","",865.00,6.00,0.00,35.00,45.60,0.00
"A180","NUEZ MOSCADA ENTERA","ABARR","gr","",68.00,0.00,0.00,106.00,106.00,0.00
"A181","OPORTO FERREIRO","ABARR","ml","",750.00,0.00,0.00,320.00,0.00,0.00
"A182","OREGANO ENTERO","ABARR","gr","",1000.00,0.00,0.00,60.00,60.00,0.00
"A183","PALMITOS","ABARR","gr","",220.00,0.00,0.00,42.00,41.91,0.00
"A187","PAN BOLILLO","ABARR","pz","",1.00,0.00,0.00,2.50,2.51,0.00
"A193","PAN MOLIDO","ABARR","gr","",1000.00,0.00,0.00,16.00,16.00,0.00
"A195","PAPRIKA","ABARR","gr","",800.00,1.65,0.00,190.00,166.25,0.00
"A197","PASTA FETUCINI","ABARR","gr","",500.00,0.00,0.00,0.00,0.00,0.00
"A198","PASTA FIDEOS","ABARR","gr","",180.00,1.00,0.00,3.90,3.90,0.00
"A199","PASTA FIDEOS DE ARROZ","ABARR","gr","",300.00,0.00,0.00,25.20,25.17,0.00
"A200","PASTA FUSILI","ABARR","gr","",500.00,0.00,0.00,4.20,2.10,0.00
"A201","PASTA LINGUINI","ABARR","gr","",500.00,0.00,0.00,0.00,0.00,0.00
"A202","PASTA PENNE","ABARR","gr","",500.00,0.00,0.00,3.90,3.90,0.00
"A203","PASTA SPAGHETTI","ABARR","gr","",200.00,0.00,0.00,3.90,3.90,0.00
"A204","PEPINILLOS","ABARR","gr","",2040.00,0.00,0.00,75.00,72.61,0.00
"A205","PIMENTON DULCE","ABARR","gr","",1000.00,0.00,0.00,170.00,170.00,0.00
"A206","PIMIENTA BLANCA MOLIDA","ABARR","gr","",234.00,0.17,0.00,0.00,0.00,0.00
"A207","PIMIENTA GORDA","ABARR","gr","",1000.00,0.00,0.00,195.00,185.00,0.00
"A208","PIMIENTA LIMON","ABARR","gr","",737.00,0.80,0.00,152.43,152.44,0.00
"A209","PIMIENTA NGRA ENTERA","ABARR","gr","",1000.00,0.00,0.00,285.00,142.50,0.00
"A210","PIMIENTA NGRA MOLIDA","ABARR","gr","",1000.00,0.00,0.00,191.30,198.77,0.00
"A211","PIMIENTA ROSA","ABARR","gr","",32.00,0.00,0.00,80.00,80.00,0.00
"A212","PI베 EN ALMIBAR","ABARR","gr","",480.00,0.00,0.00,34.47,34.46,0.00
"A213","POLVO PARA HORNEAR ROYAL","ABARR","gr","",454.00,1.00,0.00,39.00,39.00,0.00
"A215","PURE TOMATE","ABARR","gr","",3000.00,0.00,0.00,74.73,70.85,0.00
"A216","ROMPOPE","ABARR","ml","",900.00,0.70,0.00,86.40,86.39,0.00
"A217","ROMPOPE PI벮N","ABARR","ml","",900.00,0.00,0.00,150.00,150.00,0.00
"A218","SAL","ABARR","gr","",1000.00,0.49,0.00,10.77,10.77,0.00
"A219","SAL AHUMADA","ABARR","gr","",150.00,0.00,0.00,41.00,40.99,0.00
"A220","SAL AMARILLA","ABARR","gr","",1000.00,0.00,0.00,85.00,84.21,0.00
"A221","SAL DE JAMAICA","ABARR","gr","",1.00,0.00,0.00,160.00,160.00,0.00
"A222","SAL DE MAR","ABARR","gr","",3000.00,0.22,0.00,54.60,52.86,0.00
"A223","SAL GRANO","ABARR","gr","",1000.00,4.40,0.00,4.52,4.46,0.00
"A224","SAL GUSANO","ABARR","gr","",1000.00,0.00,0.00,740.00,733.02,0.00
"A225","SAL ROSA HIMALAYA","ABARR","gr","",295.00,5.00,0.00,35.00,17.50,0.00
"A226","SALSA BBQ","ABARR","gr","",620.00,0.00,0.00,23.78,23.66,0.00
"A227","SALSA BRUJA","ABARR","gr","",800.00,0.00,0.00,60.00,30.00,0.00
"A228","SALSA BUFALO","ABARR","ml","",150.00,0.00,0.00,7.99,8.15,0.00
"A229","SALSA CATSUP","ABARR","gr","",396.00,-0.05,0.00,18.00,18.00,0.00
"A230","SALSA CHAMOY","ABARR","gr","",1500.00,0.00,0.00,19.09,18.46,0.00
"A231","SALSA DE SOYA","ABARR","ml","",1800.00,0.50,0.00,362.80,276.60,0.00
"A232","SALSA HABANERO LOL-TUN","ABARR","ml","",150.00,0.00,0.00,13.01,12.68,0.00
"A233","SALSA INGLESA LT.","ABARR","ml","",1000.00,0.50,0.00,100.00,100.00,0.00
"A234","SALSA MAE PLOY","ABARR","gr","",920.00,0.00,0.00,87.50,43.75,0.00
"A235","SALSA MAGGI","ABARR","ml","",1000.00,0.90,0.00,133.00,133.00,0.00
"A236","SALSA RED HOT","ABARR","ml","",3780.00,0.00,0.00,203.00,202.00,0.00
"A237","SALSA SHIRASHA","ABARR","ml","",435.00,0.00,0.00,86.00,43.00,0.00
"A238","SALSA TABASCO","ABARR","ml","",355.00,0.00,0.00,154.60,138.27,0.00
"A239","SALSA TOMATE","ABARR","gr","",2800.00,0.00,0.00,93.60,88.85,0.00
"A240","SALSA VALENTINA","ABARR","ml","",370.00,0.00,0.00,19.00,13.70,0.00
"A241","SALSA YAKIZOBA","ABARR","ml","",4000.00,0.00,0.00,0.00,0.00,0.00
"A242","SALSA YUZU","ABARR","ml","",1000.00,0.00,0.00,99.00,99.00,0.00
"A243","SALSA ZAMBAL","ABARR","gr","",3859.00,0.00,0.00,0.00,0.00,0.00
"A244","SAZONADOR MONTREAL DE POL","ABARR","gr","",652.00,0.00,0.00,0.00,0.00,0.00
"A245","SAZONADOR MONTREAL DE RES","ABARR","gr","",822.00,0.00,0.00,0.00,0.00,0.00
"A246","SAZONADOR SABROSEADOR","ABARR","gr","",117.00,0.00,0.00,14.55,15.54,0.00
"A247","SIDRA","ABARR","ml","",680.00,0.00,0.00,41.55,41.15,0.00
"A248","STEVIA","ABARR","gr","",500.00,0.00,0.00,204.11,102.06,0.00
"A249","SUSTITUTO CREMA","ABARR","gr","",200.00,0.00,0.00,101.28,100.11,0.00
"A250","TABULE","ABARR","gr","",360.00,0.00,0.00,60.00,59.84,0.00
"A251","TANG","ABARR","pz","",8.00,0.00,0.00,2.67,2.86,0.00
"A252","TOMATE CORTADO","ABARR","gr","",1.00,0.00,0.00,12.00,13.31,0.00
"A253","TORTILLA BURRO","ABARR","gr","",1000.00,0.00,0.00,36.00,35.97,0.00
"A254","TORTILLA CHALUPA","ABARR","gr","",1000.00,-0.12,0.00,17.00,16.94,0.00
"A255","TORTILLA HARINA","ABARR","gr","",325.00,0.00,0.00,22.50,22.50,0.00
"A256","TORTILLA MAIZ","ABARR","gr","",1000.00,0.00,0.00,13.00,13.00,0.00
"A257","TOSTADAS","ABARR","pz","",40.00,0.00,0.00,17.00,15.88,0.00
"A258","TOTOPOS TOSTACHOS","ABARR","gr","",3000.00,0.00,0.00,96.67,100.80,0.00
"A259","TURRON","ABARR","gr","",200.00,0.00,0.00,57.00,56.84,0.00
"A260","VAINILLA ESTRACTO","ABARR","ml","",1000.00,0.00,0.00,45.00,35.63,0.00
"A261","VINAGRE BALSAMICO","ABARR","ml","",500.00,1.00,0.00,50.00,25.00,0.00
"A262","VINAGRE BALSAMICO CREMA","ABARR","ml","",275.00,2.00,0.00,74.00,73.95,0.00
"A263","VINAGRE BLANCO","ABARR","ml","",3700.00,-0.05,0.00,24.25,24.82,0.00
"A264","VINAGRE DE VINO TINTO","ABARR","ml","",500.00,0.00,0.00,40.00,44.38,0.00
"A265","VINO BLANCO","ABARR","ml","",4000.00,0.75,0.00,493.83,353.12,16.00
"A266","VINO TINTO","ABARR","ml","",4000.00,0.04,0.00,206.00,171.97,16.00
"A276","CUPCAKES CUMPLEA벮S","ABARR","pz","",1.00,0.00,0.00,2.50,1.25,0.00
"A267","TELERA","ABARR","PZ","",1.00,0.00,0.00,1.50,0.00,0.00
"A268","PAN BIROTE","ABARR","PZ","",1.00,0.00,0.00,29.00,16.38,0.00
"A269","LENTEJAS","ABARR","gr","",1000.00,0.00,0.00,25.00,26.09,0.00
"A271","PASTA HOJALDRE","ABARR","gr","",1000.00,0.00,0.00,38.80,19.40,0.00
"A272","PASTA FILO","ABARR","","",1000.00,0.00,0.00,0.00,0.00,0.00
"A273","RECADO NEGRO","ABARR","gr","",1000.00,2.00,0.00,0.00,0.00,0.00
"A274","REFRESCO COCA COLA COCINA","ABARR","ml","",2000.00,0.00,0.00,11.60,9.28,0.00
"A275","COCTAIL DE FRUTAS LATA","ABARR","gr","",1.00,0.00,0.00,24.80,24.80,0.00
"A280","BIZCOCHO DE GUANABANA","ABARR","PZ","",1.00,0.00,0.00,35.00,0.00,0.00
"A283","CHURROS","ABARR","PZ","",665.50,0.00,0.00,707.57,403.79,0.00
"A284","DULCE DE LECHE LATA","ABARR","GR","",380.00,0.00,0.00,8.90,4.95,0.00
"A285","GALLETA DE ANIMALITOS","ABARR","GR","",1000.00,1.00,0.00,25.00,27.07,0.00
"A286","GRENETINA","ABARR","GR","",1000.00,1.80,0.00,178.00,136.35,0.00
"A287","FECULA DE MAIZ MAIZENA","ABARR","GR","",750.00,1.00,0.00,41.42,41.35,0.00
"A288","TLAYUDA","ABARR","PZ","",1.00,-1.00,0.00,7.00,7.01,0.00
"A304","LECHUGA SANGRIA","VERDU","GR","",1000.00,1.00,0.00,9.00,8.51,0.00
"A305","MAMEY","VERDU","GR","",1000.00,0.00,0.00,23.50,30.00,0.00
"A403","PAN PITA","ABARR","","",1000.00,0.00,0.00,30.00,0.00,0.00
"A411","PULPA DE MAMEY","ABARR","GR","",1000.00,-0.01,0.00,50.00,49.88,0.00
"A413","ADOBO EN PASTA","ABARR","GR","",1000.00,0.00,0.00,1.00,0.00,0.00
"A414","FRIJOL BAYO","ABARR","gr","",1000.00,0.00,0.00,23.30,17.64,0.00
"A415","PAPEL DE ESTRAZA","ABARR","PZ","",1.00,0.00,0.00,52.20,46.15,0.00
"ABEL","ABSOLUT ELYX","VODKA","ML","",750.00,2.04,0.00,410.26,205.13,16.00
"ABGM","GREY GOOSE 1.750","VODKA","ML","",1750.00,0.00,0.00,846.84,844.20,0.00
"AGCO","AGUA CORRIENTE","REFRE","ML","",19000.0,0.00,0.00,30.59,25.94,0.00
"B001","AGUA GARRAFON","BEBID","ml","",20000.0,0.00,0.00,27.00,27.00,0.00
"B002","AGUA MINERAL LATA","BEBID","PZ","",355.00,251.00,0.00,5.96,5.96,16.00
"B003","AGUA MINERAL MINI","BEBID","ML","",250.00,304.00,0.00,5.53,5.53,16.00
"B004","AGUA MINERAL REFIL","BEBID","ML","",2000.00,15.00,0.00,12.07,12.08,16.00
"B006","AGUA NATURAL MINI","BEBID","ML","",355.00,0.00,0.00,7.76,5.98,16.00
"B007","AGUA PERRIER","BEBID","ML","",250.00,46.00,0.00,16.50,16.51,0.00
"B009","AGUA QUINA SCHWEPPES","BEBID","ML","",296.00,32.00,0.00,4.82,4.83,0.00
"B010","AGUA TONICA 1724","BEBID","ML","",200.00,11.00,0.00,38.50,35.44,0.00
"B011","AGUA TON.BUITONIC","BEBID","ML","",355.00,21.00,0.00,18.97,455.17,0.00
"B012","AGUA TON.FENTIMAS","BEBID","ML","",200.00,21.00,0.00,25.00,600.00,16.00
"B013","AGUA TON.VELVET SODA R","BEBID","ML","",275.00,0.00,0.00,17.00,408.00,16.00
"B014","AGUA TON.VICHY CATALAN","BEBID","ML","",275.00,0.00,0.00,22.91,535.00,16.00
"B017","NESPRESSO DOLCE AMER","BEBID","pz","",50.00,1.26,0.00,545.00,476.88,0.00
"B018","NESPRESSO DOLCE CAPU","BEBID","pz","",50.00,1.00,0.00,545.00,272.50,0.00
"B019","NESPRESSO DOLCE EXPR","BEBID","pz","",50.00,2.50,0.00,545.00,530.67,0.00
"B020","NESPRESSO EXPRESO FO","BEBID","pz","",50.00,1.76,0.00,545.00,544.99,0.00
"B021","NESPRESSO LUNGO DESC","BEBID","pz","",50.00,0.80,0.00,545.00,476.88,0.00
"B022","NESPRESSO LUNGO FORT","BEBID","pz","",50.00,0.40,0.00,545.00,545.00,0.00
"B023","NESPRESSO RISTRETTO","BEBID","pz","",50.00,1.72,0.00,545.00,545.00,0.00
"B025","CLAMATO","BEBID","ml","",1890.00,10.00,0.00,44.13,44.14,0.00
"B026","COCACOLA LATA","BEBID","ML","",355.00,182.00,0.00,9.16,9.16,16.00
"B027","COCACOLA LIGHT LATA","BEBID","ML","",355.00,97.00,0.00,9.16,9.16,16.00
"B028","COCACOLA LIGHT MINI","BEBID","ML","",250.00,86.00,0.00,6.32,6.32,16.00
"B029","COCACOLA MINI","BEBID","ML","",1.00,159.00,0.00,6.61,6.61,16.00
"B030","COCACOLA REFIL","BEBID","ML","",2000.00,8.00,0.00,19.21,19.22,16.00
"B031","COCACOLA ZERO LATA","BEBID","ML","",355.00,78.00,0.00,7.54,7.54,16.00
"B032","COCACOLA ZERO MINI","BEBID","ML","",250.00,27.00,0.00,5.32,4.60,16.00
"B033","DELAWARE LATA","BEBID","ML","",355.00,29.00,0.00,7.65,7.64,16.00
"B034","FANTA LATA","BEBID","ML","",355.00,47.00,0.00,7.65,7.63,16.00
"B035","FRESCA LATA","BEBID","ML","",355.00,25.00,0.00,7.65,7.65,16.00
"B036","FRESCA REFIL","BEBID","ML","",2000.00,0.00,0.00,12.18,12.09,16.00
"B037","GINGER","BEBID","pz","",355.00,44.00,0.00,4.74,4.75,16.00
"B038","GINGER FEVER TREES","BEBID","pz","",24.00,0.00,0.00,517.25,517.25,0.00
"B039","JARABE NATURAL","BEBID","ml","",1000.00,0.00,0.00,33.62,33.63,16.00
"B040","JUGO AMI MANZANA","BEBID","pz","",12.00,0.00,0.00,15.75,11.82,0.00
"B041","JUGO AMI NARANJA","BEBID","pz","",12.00,0.00,0.00,15.00,13.41,0.00
"B042","JUGO AMI PI베","BEBID","pz","",12.00,0.00,0.00,15.75,7.88,0.00
"B043","JUGO AMI UVA","BEBID","pz","",12.00,0.00,0.00,19.80,20.15,0.00
"B044","JUGO ARANDANO","BEBID","pz","",1000.00,30.00,0.00,18.52,18.55,0.00
"B045","JUGO BOING","BEBID","pz","",12.00,0.00,0.00,99.48,99.86,0.00
"B046","JUGO DURAZNO","BEBID","pz","",1000.00,4.00,0.00,16.58,16.58,0.00
"B047","JUGO GUAYABA","BEBID","pz","",1000.00,0.00,0.00,12.96,12.09,0.00
"B048","JUGO LIMON NATURAL","BEBID","ml","",4000.00,0.00,0.00,75.00,75.01,0.00
"B049","JUGO MANGO","BEBID","pz","",1000.00,9.00,0.00,16.58,16.58,0.00
"B050","JUGO MANZANA","BEBID","pz","",1000.00,1.00,0.00,16.58,16.57,0.00
"B051","JUGO NARANJA","BEBID","pz","",1000.00,13.00,0.00,16.88,16.79,0.00
"B052","JUGO NARANJA NATURAL","BEBID","ml","",4000.00,0.00,0.00,75.00,75.00,0.00
"B053","JUGO PI베","BEBID","pz","",1000.00,12.73,0.00,16.58,16.61,0.00
"B054","JUGO TOMATE","BEBID","pz","",1000.00,10.00,0.00,16.63,16.16,0.00
"B055","JUGO UVA","BEBID","pz","",1000.00,17.00,0.00,16.63,16.62,0.00
"B058","SIDRAL LATA","BEBID","ML","",355.00,50.00,0.00,7.65,7.65,16.00
"B059","SPRITE LATA","BEBID","ML","",355.00,76.00,0.00,7.65,7.65,16.00
"B060","SPRITE REFIL","BEBID","ML","",2000.00,0.00,0.00,12.18,12.00,16.00
"B061","SPRITE ZERO","BEBID","ML","",355.00,41.00,0.00,7.65,7.27,16.00
"B065","TE CHINE BLANC PASSION","BEBID","gr","",1000.00,0.00,0.00,2730.00,2730.00,0.00
"B066","TE CHINE JASMIN CHUNG HAO","BEBID","gr","",1000.00,0.00,0.00,2262.00,1131.00,0.00
"B067","TE CHINE LAPSANG SOUCHONG","BEBID","gr","",1000.00,0.00,0.00,975.00,975.00,0.00
"B068","TE CHINE YUNNAN VERT","BEBID","gr","",1000.00,0.00,0.00,1560.00,1560.00,0.00
"B069","TE COQUELICOT GOURDMAND","BEBID","gr","",1000.00,0.00,0.00,975.00,975.00,0.00
"B070","TE DARJEELING GFOP SUPERI","BEBID","gr","",1000.00,0.00,0.00,1560.00,1560.00,0.00
"B071","TE EARL GREY TIN ZHEN","BEBID","gr","",1000.00,0.00,0.00,1267.50,1267.50,0.00
"B072","TE FRUTOS ROJOS","BEBID","pz","",1.00,0.00,0.00,32.00,46.00,0.00
"B073","TE GOUT RUSSE DOUCHKA","BEBID","gr","",1000.00,0.00,0.00,1170.00,1170.00,0.00
"B074","TE HIERBA BUENA","BEBID","pz","",1.00,0.00,0.00,47.60,0.00,0.00
"B075","TE INF. FRUITS SAMBA","BEBID","gr","",1000.00,0.00,0.00,975.00,975.00,0.00
"B076","TE JARDIN BLEU","BEBID","gr","",1000.00,0.00,0.00,1170.00,1170.00,0.00
"B077","TE LIMON","BEBID","pz","",1.00,0.00,0.00,101.28,50.64,0.00
"B078","TE LORIENTAL","BEBID","gr","",1000.00,0.00,0.00,1170.00,1170.00,0.00
"B079","TE MANZANILLA","BEBID","pz","",1000.00,0.00,0.00,101.28,50.64,0.00
"B081","TE PIM LIMON TONES","BEBID","gr","",1000.00,0.00,0.00,101.28,0.00,0.00
"B082","TE POMME DAOUR","BEBID","gr","",1000.00,0.00,0.00,905.83,905.83,0.00
"B083","TE QUATRE FRUITS ROUGES","BEBID","gr","",1000.00,0.00,0.00,1131.00,565.50,0.00
"B084","TE ROOBBOIS CITRUS","BEBID","gr","",1000.00,0.00,0.00,1170.00,1170.00,0.00
"B085","TE SOLEIL VERT","BEBID","gr","",1000.00,0.00,0.00,1072.50,1072.50,0.00
"B086","TE STRONG BREAKFAST","BEBID","gr","",1000.00,0.00,0.00,1072.50,1072.50,0.00
"B087","TE TIEMPOS VIOLENTOS","BEBID","gr","",1000.00,0.00,0.00,1800.00,1800.00,0.00
"B088","TE TOUAREG","BEBID","gr","",1000.00,0.00,0.00,975.00,975.00,0.00
"B089","TE VERDE","BEBID","pz","",1.00,0.00,0.00,101.28,50.64,0.00
"B090","JUGO MANDARINA","BEBID","pz","",1000.00,0.00,0.00,9.27,7.53,0.00
"B091","JUGO TORONJA","BEBID","pz","",1000.00,0.00,0.00,80.00,40.00,0.00
"B100","ORANGE CRUSH","BEBID","PZ","",1.00,0.00,0.00,9.13,8.99,0.00
"BOOS","BOOST","REFRE","ML","",1.00,-767.00,0.00,13.26,13.26,0.00
"BRAM","ALMA DE MAGNO","BRAND","ML","",750.00,2.16,0.00,289.66,289.67,16.00
"BRAZ","AZTECA DE ORO 750 ML","BRAND","ML","",750.00,0.00,0.00,108.62,108.62,16.00
"BRCI","CARLOS I","BRAND","ML","",750.00,3.07,0.00,482.76,482.02,16.00
"BRCM","CARDENAL DE MENDOZA","BRAND","ML","",750.00,2.00,0.00,761.77,677.01,16.00
"BRDA","DUQUE DE ALBA","BRAND","ML","",700.00,0.00,0.00,582.80,291.40,16.00
"BRFA","FERNANDO CASTILLA ANTIQUE","BRAND","","",750.00,0.09,0.00,500.00,0.00,0.00
"BRFC","FERNANDO DE CASTILLA","BRAND","ML","",750.00,0.00,0.00,215.52,107.76,16.00
"BRFU","FUNDADOR","BRAND","ML","",700.00,4.14,0.00,150.00,150.00,16.00
"BRJI","JAIME I","BRAND","ML","",750.00,2.00,0.00,1.00,0.00,16.00
"BRMA","MAGNO","BRAND","ML","",750.00,8.02,0.00,170.69,170.69,16.00
"BRPR","PRESIDENTE","BRAND","ML","",940.00,0.00,0.00,68.70,68.02,0.00
"BRT1","TORRES 15","BRAND","ML","",750.00,4.14,0.00,366.38,366.38,16.00
"BRT5","TORRES 5 A벮S","BRAND","ML","",750.00,0.00,0.00,129.79,139.90,0.00
"BRT9","TERRY 1900","BRAND","ML","",700.00,0.00,0.00,169.57,157.89,0.00
"BRTD","TORRES DIEZ","BRAND","ML","",750.00,20.12,0.00,197.41,197.42,16.00
"BRTE","TERRY CENTENARIO 750 ML.","BRAND","ML","",750.00,8.08,0.00,206.03,206.03,16.00
"BRTV","TORRES 20 A벮S","BRAND","ML","",750.00,2.03,0.00,642.24,641.23,16.00
"C001","ALITAS NATURAL","CARNE","gr","",1000.00,0.00,0.00,650.00,631.25,0.00
"C002","ARRACHERA TEXANA","CARNE","gr","",1000.00,5.58,0.00,64.12,68.93,0.00
"C003","CABEZA DE FILETE","CARNE","gr","",1000.00,0.00,0.00,259.00,249.57,0.00
"C004","CABRERIA","CARNE","gr","",1000.00,0.00,0.00,205.85,289.44,0.00
"C005","CARNE MOLIDA","CARNE","gr","",1000.00,0.00,0.00,88.00,100.79,0.00
"C006","CARNE MOLIDA DE CERDO","CARNE","gr","",1000.00,0.00,0.00,84.00,85.93,0.00
"C007","CARNE MOLIDA DE RES","CARNE","gr","",1000.00,0.00,0.00,135.00,135.00,0.00
"C008","CARNE SECA","CARNE","gr","",1000.00,0.00,0.00,110.00,110.00,0.00
"C009","CARRILLERA","CARNE","gr","",1000.00,0.00,0.00,120.00,119.77,0.00
"C010","CHAMBERETE","CARNE","gr","",1000.00,0.00,0.00,98.00,96.50,0.00
"C011","CHAMORRO","CARNE","pz","",1000.00,0.00,0.00,55.00,57.66,0.00
"C012","CHAPULINES","CARNE","gr","",1000.00,0.10,0.00,700.00,787.96,0.00
"C013","CHICHARRON","CARNE","gr","",1000.00,2.16,0.00,110.00,110.08,0.00
"C014","CHICHARRON PRENSADO","CARNE","gr","",1000.00,-0.01,0.00,120.00,120.00,0.00
"C015","CHISTORRA","CARNE","gr","",1000.00,0.00,0.00,105.00,105.01,0.00
"C016","CHULETON","CARNE","pz","",1.00,0.00,0.00,88.00,87.00,0.00
"C017","COSTILLA RES MARCADA","CARNE","pz","",1.00,3.48,0.00,260.00,251.25,0.00
"C018","COSTILLAS DE CERDO","CARNE","GR","",1000.00,0.00,0.00,88.00,88.00,0.00
"C019","COW BOY","CARNE","gr","",1000.00,0.00,0.00,360.00,364.38,0.00
"C020","DIEZMILLO","CARNE","gr","",1000.00,0.00,0.00,90.00,89.30,0.00
"C021","ESCAMOLES KG","CARNE","gr","",1000.00,0.00,0.00,1100.00,962.50,0.00
"C022","FALDA DE RES","CARNE","gr","",1000.00,1.05,0.00,135.00,135.00,0.00
"C023","FILETE RES","CARNE","gr","",1000.00,0.90,0.00,320.00,320.45,0.00
"C024","GUSANO DE MAGUEY KG","CARNE","gr","",1000.00,0.00,0.00,462.00,461.94,0.00
"C026","HUESO DE JAMON SERRANO","CARNE","gr","",1000.00,0.00,0.00,166.14,165.66,0.00
"C027","HUESO DE POLLO KG","CARNE","gr","",1000.00,0.00,0.00,369.72,334.87,0.00
"C028","HUESO DE TERNERA","CARNE","gr","",1000.00,0.00,0.00,20.00,20.00,0.00
"C029","HUESO TUETANO","CARNE","pz","",1000.00,-0.24,0.00,55.00,46.25,0.00
"C030","LECHON 9 KG","CARNE","gr","",1000.00,5.52,0.00,1300.00,1259.38,0.00
"C031","LENGUA DE RES","CARNE","gr","",1000.00,-0.20,0.00,250.00,250.01,0.00
"C032","LOMO AHUMADO","CARNE","gr","",1000.00,0.00,0.00,95.00,71.25,0.00
"C033","LOMO CANADIENSE","CARNE","gr","",1000.00,0.00,0.00,205.00,205.00,0.00
"C034","MACHACA","CARNE","gr","",1000.00,0.00,0.00,135.00,135.09,0.00
"C035","MEDALLONES DE FILETE","CARNE","pz","",1000.00,0.00,0.00,480.87,480.87,0.00
"C036","MEDULA","CARNE","gr","",1000.00,0.00,0.00,180.00,174.20,0.00
"C037","MILANESA POLLO","CARNE","gr","",1000.00,0.00,0.00,78.00,78.01,0.00
"C038","PANZA DE RES","CARNE","gr","",1000.00,0.00,0.00,65.00,77.85,0.00
"C039","PATO ENTERO","CARNE","gr","",1000.00,0.00,0.00,135.00,135.00,0.00
"C040","PECHUGA C/HUESO","CARNE","gr","",1000.00,0.00,0.00,45.00,59.07,0.00
"C041","PIERNA Y MUSLO","CARNE","gr","",1000.00,0.00,0.00,48.00,48.00,0.00
"C042","PRIME RIB","CARNE","gr","",1000.00,0.00,0.00,387.27,364.41,0.00
"C043","RETAZO DE POLLO","CARNE","gr","",1000.00,0.00,0.00,45.00,45.01,0.00
"C044","RIB EYE","CARNE","gr","",1000.00,1.58,0.00,163.76,167.38,0.00
"C046","RIB EYE ECO","CARNE","gr","",1000.00,5.32,0.00,250.00,215.01,0.00
"C047","SESOS DE CERDO","CARNE","gr","",1000.00,1.00,0.00,120.00,120.00,0.00
"C048","SHORT RIB EYE","CARNE","gr","",1000.00,-0.30,0.00,379.00,371.19,0.00
"C049","SHOT LOIN","CARNE","gr","",1000.00,0.00,0.00,225.81,219.86,0.00
"C050","SIRLOIN","CARNE","gr","",1000.00,0.00,0.00,171.35,178.54,0.00
"C051","T- BONE","CARNE","gr","",1000.00,0.00,0.00,225.81,221.93,0.00
"C052","TABLITA DE LOMO","CARNE","gr","",1000.00,0.00,0.00,208.20,208.20,0.00
"C053","TLALITOS","CARNE","gr","",1000.00,0.77,0.00,120.00,120.00,0.00
"C057","CECINA NATURAL KG","CARNE","gr","",1001.00,3.38,0.00,174.43,176.16,0.00
"C061","PECHUGA DE POLLO","CARNE","gr","",1001.00,1.89,0.00,73.00,73.01,0.00
"C063","ASIENTO DE CHICHARRON","CARNE","GR","",1000.00,1.35,0.00,120.00,120.00,0.00
"C064","BISTECK DE CERDO","CARNE","GR","",1000.00,0.00,0.00,84.00,85.00,0.00
"C065","CHORIZO VERDE","CARNE","GR","",1000.00,0.00,0.00,95.00,92.64,0.00
"C066","MANTECA DE CERDO","CARNE","GR","",1000.00,0.00,0.00,45.00,45.01,0.00
"C067","PIERNA DE CERDO","CARNE","GR","",1000.00,0.00,0.00,84.00,83.28,0.00
"C068","RABO DE RES","CARNE","GR","",1000.00,0.00,0.00,70.00,71.57,0.00
"C069","ESPINAZO DE PUERCO","CARNE","GR","",1000.00,0.00,0.00,78.00,77.37,0.00
"C070","CENTRO DE TUETANO","CARNE","GR","",1000.00,0.64,0.00,350.00,351.18,0.00
"C071","LOMO DE CERDO","CARNE","GR","",1000.00,0.00,0.00,160.00,126.25,0.00
"C072","SUADERO","CARNE","GR","",1000.00,0.00,0.00,125.00,126.31,0.00
"C100","CABEZA DE CERDE","CARNE","GR","",1000.00,0.00,0.00,48.00,48.05,0.00
"C101","MUSLO PERSONAL","CARNE","GR","",1000.00,3.96,0.00,48.00,48.01,0.00
"CEBA","BARRIL DE CERVEZA","CERVE","ML","",12000.0,0.00,0.00,853.00,0.00,16.00
"CEBN","BOCANEGRA","CERVE","ML","",355.00,49.00,0.00,18.28,18.28,16.00
"CEBO","BOHEMIA CLARA","CERVE","ML","",355.00,0.00,0.00,9.99,9.87,0.00
"CEBS","BOHEMIA OSCURA","CERVE","ML","",355.00,0.00,0.00,9.98,9.99,0.00
"CECL","CORONA LIGHT","CERVE","ML","",355.00,129.00,0.00,7.58,7.58,16.00
"CECO","TECATE","CERVE","ML","",325.00,0.00,0.00,7.24,7.24,0.00
"CECR","CORONA","CERVE","ML","",355.00,122.00,0.00,8.69,8.70,16.00
"CEGH","GOUSE ISL.HONKER","CERVE","ML","",355.00,54.00,0.00,1.00,0.00,16.00
"CEGS","GOUSE ISLAND SOFIE","CERVE","ML","",355.00,46.00,0.00,1.00,0.00,16.00
"CEHE","HEINEKEN","CERVE","ML","",355.00,0.00,0.00,13.00,13.00,0.00
"CEHO","HOOGARDEN","CERVE","ML","",355.00,40.00,0.00,29.00,15.00,0.00
"CELE","LEON NEGRA CERVEZA","CERVE","ML","",355.00,366.00,0.00,8.69,8.71,16.00
"CEML","MODELO LIGHT","CERVE","ML","",325.00,0.00,0.00,4.67,4.67,0.00
"CEMS","MODELO ESP.BOTELLA 355 ML","CERVE","ML","",355.00,66.00,0.00,9.45,9.46,16.00
"CENM","NEGRA MODELO","CERVE","ML","",355.00,31.00,0.00,9.45,9.46,16.00
"CEOL","ODULS","CERVE","ML","",355.00,31.00,0.00,9.89,9.31,16.00
"CEOS","OSADIA","CERVE","ML","",355.00,15.00,0.00,1.00,0.00,16.00
"CEPA","PACIFICO","CERVE","ML","",355.00,229.00,0.00,8.24,8.25,16.00
"CEQU","QUILMES","CERVE","ML","",355.00,38.00,0.00,25.00,20.71,0.00
"CESA","SAGA","CERVE","ML","",355.00,20.00,0.00,1.00,0.00,16.00
"CESE","STELLA","CERVE","PZ","",24.00,107.00,0.00,16.38,27.76,16.00
"CESL","SOL LIGTH","CERVE","ML","",355.00,0.00,0.00,5.00,0.00,0.00
"CESO","SOL CERVEZA","CERVE","ML","",355.00,0.00,0.00,7.25,7.30,0.00
"CEST","STRONGBOW GOLD","CERVE","ML","",355.00,0.00,0.00,1.00,0.00,0.00
"CEVI","VICTORIA","CERVE","ML","",355.00,129.00,0.00,8.69,8.70,16.00
"CEXY","XY REGEL","CERVE","ML","",355.00,0.00,0.00,1.00,0.00,0.00
"CG01","CIGARRO BLANCO","CIGAR","pz","",10.00,22.00,0.00,49.26,49.26,0.00
"CG02","CIGARRO ROJO","CIGAR","pz","",10.00,16.00,0.00,49.26,49.26,0.00
"CGCV","COURVOISIER VSOP","COGNA","ML","",700.00,0.00,0.00,286.96,286.97,0.00
"CGCX","COURVOISIER X.O.","COGNA","ML","",700.00,0.00,0.00,1182.00,0.00,0.00
"CGHV","HENNESY VSOP","COGNA","ML","",700.00,2.09,0.00,905.78,887.25,16.00
"CGMM","MARTEL V.S.O.P MEDALLON","COGNA","ML","",700.00,4.15,0.00,564.66,564.04,16.00
"CGRM","REMY MARTIN","COGNA","ML","",750.00,0.00,0.00,303.48,303.48,0.00
"CGVS","REMY MARTIN VS","COGNA","ML","",750.00,0.00,0.00,300.00,242.00,0.00
"CGXO","HENNESY XO","COGNA","ML","",750.00,1.02,0.00,2771.97,1385.99,16.00
"CHBB","MOET BABY BRUT","CHAMP","ML","",200.00,0.00,0.00,251.42,252.94,0.00
"CHBN","MOET BABY NECTAR","CHAMP","ML","",355.00,0.00,0.00,300.00,0.00,0.00
"CHBR","MOET BABY ROSE","CHAMP","ML","",355.00,0.00,0.00,300.00,0.00,0.00
"CHDL","DOM PERIGNON LUMINUS","CHAMP","ML","",750.00,0.00,0.00,1.00,0.00,0.00
"CHDM","DOM PERIGNON","CHAMP","ML","",750.00,2.00,0.00,3089.14,2118.93,16.00
"CHDR","DOM PERIGNON ROSE","CHAMP","ML","",750.00,0.00,0.00,700.00,0.00,0.00
"CHJB","JOUDE BLASON ROSE","CHAMP","ML","",750.00,0.00,0.00,1.00,0.00,0.00
"CHM1","MOET BRUT 1.5 LTS","CHAMP","ML","",1500.00,0.00,0.00,1383.34,1190.68,0.00
"CHM3","MOET CHANDON 3 LTS","CHAMP","ML","",3000.00,0.00,0.00,1.00,0.00,0.00
"CHM6","MOET CHANDON 6 LTS","CHAMP","ML","",6000.00,0.00,0.00,1.00,0.00,0.00
"CHMC","MOET BRUT","CHAMP","ML","",750.00,3.00,0.00,830.43,826.13,16.00
"CHMI","MOET CHANDON ICE","CHAMP","ML","",750.00,2.00,0.00,1006.50,942.14,16.00
"CHMR","MOET ROSE","CHAMP","ML","",750.00,2.00,0.00,1003.23,916.27,16.00
"CHMU","MUMM","CHAMP","ML","",750.00,1.00,0.00,535.72,567.33,0.00
"CHNE","MOET NECTAR","CHAMP","ML","",750.00,2.00,0.00,883.66,808.68,16.00
"CHNR","MOET NECTAR ROSE","CHAMP","ML","",750.00,2.00,0.00,897.41,860.72,16.00
"CHPB","PERRIER G.BRUT 750","CHAMP","ML","",750.00,1.00,0.00,566.86,326.68,0.00
"CHPJ","PERRIER JOUDE 200 ML","CHAMP","ML","",200.00,0.00,0.00,171.98,86.49,0.00
"CHVC","VEUVE CLICQUOT","CHAMP","ML","",750.00,1.00,0.00,700.00,0.00,0.00
"CHVP","VEUVE CLIQUOT PONSARDINI","CHAMP","ML","",750.00,1.00,0.00,1.00,0.00,0.00
"CIMR","CIGARRO","CIGAR","PZ","",1.00,-881.00,0.00,18.76,18.78,0.00
"CIRO","CINZANO ROJO","VINOS","ML","",750.00,0.00,0.00,123.23,129.67,16.00
"CO01","ALITAS BUFALO","CONGE","gr","",1000.00,0.00,0.00,189.26,188.41,0.00
"CO02","ELOTE GRANO CONGELADO","CONGE","gr","",1000.00,0.00,0.00,64.45,32.23,0.00
"CO03","ELOTES ENTERO CONGELADO","CONGE","gr","",2000.00,0.00,0.00,14.00,7.00,0.00
"CO04","HELADO DE CHOCOLATE","CONGE","ml","",4730.00,0.00,0.00,97.00,154.63,0.00
"CO05","HELADO VAINILLA HAGGEN","CONGE","ml","",1650.00,-0.20,0.00,264.96,264.93,0.00
"CO07","NUGGETS","CONGE","gr","",1300.00,0.10,0.00,138.10,131.35,0.00
"CO08","PALOMITA DE POLLO","CONGE","gr","",2500.00,0.00,0.00,162.00,161.96,0.00
"CO09","PAPA FRANCESA","CONGE","gr","",2270.00,-0.03,0.00,80.33,80.34,0.00
"CO10","PAPA GAJO","CONGE","gr","",2270.00,0.00,0.00,102.33,101.64,0.00
"CO11","PAPA SARATOGA","CONGE","gr","",2270.00,-5.20,0.00,101.29,101.30,0.00
"CO12","PAPA STEAK HOUSE","CONGE","gr","",2270.00,0.00,0.00,78.66,80.04,0.00
"CO13","HELADO CAJETA-MEZCAL","CONGE","ml","",5000.00,0.00,0.00,650.00,0.00,0.00
"CO14","HELADO CHOCOLATE-ALMENDRA","CONGE","ml","",5000.00,0.00,0.00,650.00,0.00,0.00
"CO15","HELADO CHOCOLATE-CANELA","CONGE","ml","",5000.00,0.00,0.00,500.00,0.00,0.00
"CO16","HELADO CIELO (CON AMARETT","CONGE","ml","",5000.00,0.00,0.00,650.00,0.00,0.00
"CO17","HELADO LIM刻-HIERBABUENA-","CONGE","ml","",5000.00,0.00,0.00,400.00,0.00,0.00
"CO18","HELADO MAZAP엝","CONGE","ml","",5000.00,0.00,0.00,400.00,0.00,0.00
"CO19","HELADO PERLA NEGRA","CONGE","ml","",5000.00,0.00,0.00,650.00,0.00,0.00
"CO20","HELADO RON-MAMEY","CONGE","ml","",5000.00,0.00,0.00,650.00,0.00,0.00
"COHV","HENNESY VS","COGNA","ML","",750.00,28.05,0.00,550.95,275.48,16.00
"COMV","MARTELL V.S.","COGNA","ML","",750.00,0.00,0.00,100.00,0.00,0.00
"EM01","CHORIZO","EMBUT","gr","",1000.00,0.00,0.00,64.00,64.12,0.00
"EM02","JAMON AHUMADO","EMBUT","gr","",1000.00,0.00,0.00,47.63,61.77,0.00
"EM03","JAMON PAVO","EMBUT","gr","",1000.00,0.00,0.00,394.50,394.62,0.00
"EM04","JAMON SELVA NEGRA","EMBUT","gr","",1000.00,0.00,0.00,421.62,408.01,0.00
"EM05","JAMON SERRANO","EMBUT","gr","",1000.00,2.51,0.00,1443.77,1224.00,0.00
"EM06","PEPERONI","EMBUT","gr","",1000.00,0.00,0.00,59.00,83.50,0.00
"EM07","SALAMI","EMBUT","gr","",1000.00,0.00,0.00,49.50,48.92,0.00
"EM08","SALCHICHA","EMBUT","gr","",1000.00,0.00,0.00,42.00,37.39,0.00
"EM09","TOCINO","EMBUT","gr","",1000.00,0.97,0.00,120.00,120.00,0.00
"EN01","BOOST","ENERG","pz","",235.00,0.00,0.00,12.91,0.00,0.00
"EN02","RED BULL","ENERG","pz","",250.00,0.00,0.00,19.58,19.59,0.00
"EN03","RED BULL BLUE","ENERG","pz","",250.00,3.00,0.00,19.58,19.84,0.00
"EN04","RED BULL LIGHT","ENERG","pz","",250.00,0.00,0.00,33.00,33.25,0.00
"EN05","RED BULL RED","ENERG","pz","",250.00,0.00,0.00,23.75,17.82,0.00
"EN06","RED BULL SILVER","ENERG","pz","",250.00,4.00,0.00,23.75,11.88,0.00
"EN07","VIVE 100","ENERG","pz","",340.00,18.00,0.00,8.73,8.73,0.00
"EN08","RED BULL SUGAR FREE","ENERG","pz","",250.00,0.00,0.00,0.00,0.00,0.00
"GIB2","BEEFFATER 24","GINEB","ML","",750.00,4.13,0.00,473.28,463.65,16.00
"GIBE","BEEFEATER GIN. 750 ML.","GINEB","ML","",750.00,4.12,0.00,300.86,300.86,16.00
"GIBO","BOMBAY SAPPHIRE","GINEB","ML","",750.00,3.14,0.00,306.03,306.04,16.00
"GIBT","BOTANICA PREMIUM","GINEB","ML","",700.00,2.13,0.00,567.24,545.17,16.00
"GIBU","BULLDOG","GINEB","ML","",750.00,2.12,0.00,387.07,385.13,16.00
"GIHE","HENDRICKS","GINEB","ML","",750.00,3.17,0.00,493.97,493.97,16.00
"GIL1","LONDON # 1","GINEB","ML","",750.00,3.04,0.00,542.24,540.86,16.00
"GILD","LONDON DRY BOODLES","GINEB","ML","",750.00,4.12,0.00,325.00,244.00,16.00
"GIM7","MONKEY 47","GINEB","ML","",500.00,2.10,0.00,1181.03,1045.93,16.00
"GIMA","MARE GIN","GINEB","ML","",700.00,2.00,0.00,516.38,502.78,16.00
"GIMM","MARTIN MILLERS","GINEB","ML","",700.00,2.16,0.00,550.86,275.93,16.00
"GIMO","MOM GINEBRA","GINEB","ML","",700.00,3.10,0.00,381.03,381.03,16.00
"GION","OSO NEGRO GIN","GINEB","ML","",1000.00,0.00,0.00,60.00,57.64,0.00
"GIPA","PRINCIPE DE LOS APOSTOLES","GINEB","ML","",700.00,0.00,0.00,1.00,0.00,16.00
"GITA","TANQUERAY GIN","GINEB","ML","",750.00,4.05,0.00,254.31,254.31,16.00
"GITT","TANQUERAY TEN","GINEB","ML","",750.00,4.15,0.00,465.52,465.52,16.00
"HIEL","HIELO","HIELO","PZ","",1000.00,-8.95E+305,0.00,33.50,33.50,0.00
"IM01","AJINOMOTO","IMPOR","gr","",100.00,0.00,0.00,98.00,0.00,0.00
"IM03","ARROZ IMPORTADO","IMPOR","gr","",1000.00,0.00,0.00,555.00,602.50,0.00
"IM04","ARROZ KOHUKO","IMPOR","gr","",1000.00,0.00,0.00,22.50,34.12,0.00
"IM05","EGG ROLL SKING","IMPOR","pz","",680.40,0.00,0.00,59.80,27.19,0.00
"IM06","FURIKAKE","IMPOR","gr","",55.00,0.30,0.00,90.00,45.00,0.00
"IM07","GARY","IMPOR","gr","",1.00,0.00,0.00,91.00,95.38,0.00
"IM08","GINKO BILOBA HOJA","IMPOR","pz","",1.00,0.00,0.00,600.00,600.00,0.00
"IM09","KATAKURIKO","IMPOR","gr","",2270.00,0.00,0.00,249.75,248.13,0.00
"IM12","PANKO","IMPOR","gr","",1.00,0.22,0.00,48.00,46.75,0.00
"IM13","SALSA ANGUILA","IMPOR","ml","",4000.00,0.00,0.00,250.00,250.00,0.00
"IM15","SALSA SOYA","IMPOR","ml","",18900.0,0.00,0.00,780.00,480.70,0.00
"IM17","SALSA TERIYAKI","IMPOR","ml","",4000.00,0.30,0.00,216.90,218.52,0.00
"IM19","PASTA WON TON","IMPOR","GR","",340.00,19.00,0.00,29.90,29.84,0.00
"IM20","SALSA TERIYAKI","IMPOR","ML","",4000.00,0.00,0.00,242.76,252.42,0.00
"INDI","INDIO PREMIER BOT 325 MLS","CERVE","ML","",3900.00,0.00,0.00,7.24,7.39,0.00
"JAGR","JARABE GRANADINA","LICOR","ML","",1000.00,4.00,0.00,33.62,33.62,16.00
"JANA","JARABE NATURAL","LICOR","ML","",1000.00,10.87,0.00,33.62,33.62,16.00
"JEDS","DRY SACK","JEREZ","ML","",750.00,-0.06,0.00,237.07,118.54,0.00
"JELI","LA INA 750 ML","JEREZ","ML","",750.00,2.00,0.00,194.18,0.00,0.00
"JEOP","OPORTO FERREIRA","JEREZ","ML","",750.00,-0.06,0.00,320.00,160.00,0.00
"JEOT","OPORTO FERREIRA TAWNY","JEREZ","ML","",750.00,0.00,0.00,1.00,0.00,0.00
"JEPO","POCHOLA","JEREZ","ML","",750.00,0.00,0.00,83.40,0.00,0.00
"JETP","TIO PEPE","JEREZ","ML","",750.00,1.22,0.00,229.31,114.66,16.00
"JWPL","JW PLATINUM 18","WHISK","ML","",750.00,3.00,0.00,1812.93,1592.67,16.00
"L001","CREMA BATIDA","LACTE","ml","",980.00,1.00,0.00,55.00,53.89,0.00
"L002","CREMA CHANTILLI","LACTE","gr","",184.00,0.00,0.00,29.30,29.98,0.00
"L003","CREMA PARA BATIR LINCONT","LACTE","ml","",900.00,1.00,0.00,69.00,69.03,0.00
"L004","CREMA NATURAL","LACTE","ml","",900.00,5.18,0.00,49.00,44.51,0.00
"L005","CREMA SABOR NATA","LACTE","ml","",1000.00,0.00,0.00,53.00,51.71,0.00
"L006","MANTEQUILLA","LACTE","gr","",1000.00,0.00,0.00,149.00,149.01,0.00
"L009","QUESO CABRA","LACTE","gr","",220.00,0.50,0.00,48.50,48.50,0.00
"L012","QUESO CHEDDAR NACHOS","LACTE","gr","",4000.00,0.00,0.00,20.00,20.00,0.00
"L014","QUESO CREMA PHILADELPHIA","LACTE","gr","",1900.00,0.50,0.00,205.00,205.02,0.00
"L019","QUESO GOUDA","LACTE","gr","",3000.00,0.00,0.00,378.00,377.74,0.00
"L021","QUESO MOZARELLA","LACTE","gr","",906.00,0.00,0.00,79.00,39.50,0.00
"L022","QUESILLO","LACTE","gr","",1000.00,-0.07,0.00,85.00,85.01,0.00
"L023","QUESO PANELA","LACTE","gr","",400.00,1.00,0.00,42.50,42.53,0.00
"L024","QUESO PARMESANO","LACTE","gr","",1000.00,0.55,0.00,210.00,210.01,0.00
"L025","QUESO COTIJA/A벤JO","LACTE","gr","",1000.00,-0.01,0.00,90.00,90.00,0.00
"L026","QUESO REQUESON","LACTE","gr","",1000.00,0.60,0.00,38.00,38.19,0.00
"LI43","LICOR 43","LICOR","ML","",750.00,4.18,0.00,325.86,325.86,16.00
"LIAA","AMARGO ANGOSTURA 1L","LICOR","ML","",1000.00,0.00,0.00,23.70,0.00,0.00
"LIAB","ABSINTH","LICOR","ML","",750.00,2.00,0.00,512.07,256.04,16.00
"LIAC","LAS CADENAS 1L","LICOR","ML","",1000.00,2.13,0.00,275.86,200.40,16.00
"LIAD","AMARETTO DISARONO 700 ML","LICOR","ML","",700.00,2.00,0.00,287.93,266.39,16.00
"LIAM","DEL MONO DULCE 750 ML","LICOR","ML","",750.00,2.01,0.00,206.38,103.19,16.00
"LIAN","AMARETTO CONTI 750 ML","LICOR","ML","",750.00,2.17,0.00,144.83,137.77,16.00
"LIAP","PERNOD 700 ML.","LICOR","ML","",700.00,1.00,0.00,163.63,0.00,0.00
"LIAR","AMARULA","LICOR","ML","",750.00,2.09,0.00,189.98,94.99,16.00
"LIAS","DEL MONO SECO  750 ML","LICOR","ML","",750.00,1.20,0.00,186.20,93.10,16.00
"LIAU","COINTREAU 750 ML","LICOR","ML","",700.00,2.15,0.00,369.83,184.92,16.00
"LIAZ","LICOR AZUL CURACAO 7","LICOR","ML","",750.00,2.20,0.00,95.97,94.11,0.00
"LIBA","BAILEYS","LICOR","ML","",750.00,3.16,0.00,206.90,206.91,16.00
"LIBD","VERM.CINZANO BCO EXSE","LICOR","ML","",750.00,2.00,0.00,123.23,61.62,16.00
"LIBE","BENEDICTINE","LICOR","ML","",750.00,0.00,0.00,302.61,0.00,0.00
"LIBL","BAILEYS CARAMELO 750 ML.","LICOR","ML","",750.00,1.03,0.00,284.18,142.09,16.00
"LICA","CAROLANS","LICOR","ML","",750.00,2.00,0.00,1.00,0.00,16.00
"LICB","CACAO BLANCO","LICOR","ML","",750.00,1.14,0.00,95.97,47.99,16.00
"LICC","CHBACANO LICOR","LICOR","ML","",750.00,0.00,0.00,1.00,0.00,0.00
"LICE","LICOR FRESA FLAMINGO","LICOR","ML","",750.00,2.00,0.00,43.00,0.00,0.00
"LICH","CHAMBOARD","LICOR","ML","",750.00,1.00,0.00,1.00,0.00,0.00
"LICI","LICOR CIRUELA JAPONESA","LICOR","ML","",750.00,0.00,0.00,1.00,0.00,0.00
"LICL","CINZANO BCO DULCE","LICOR","ML","",750.00,0.00,0.00,123.23,117.70,0.00
"LICM","CAMPARI BITTER","LICOR","ML","",750.00,5.20,0.00,211.91,185.43,16.00
"LICN","CONTROY","LICOR","ML","",1000.00,2.14,0.00,113.79,113.79,16.00
"LICO","CACAO OBSCUR0","LICOR","ML","",750.00,1.00,0.00,66.09,66.23,0.00
"LICR","CHARTREUSE AMARILLO","LICOR","ML","",700.00,2.13,0.00,560.68,280.34,16.00
"LICS","CASIS SISCA","LICOR","ML","",750.00,2.17,0.00,358.71,179.36,16.00
"LICU","CURACAO","LICOR","ML","",750.00,0.00,0.00,102.59,51.30,16.00
"LICV","CHARTREUSE VERDE","LICOR","ML","",700.00,2.00,0.00,629.31,561.81,16.00
"LIDC","CHINCHON DULCE","LICOR","ML","",1000.00,4.19,0.00,184.48,183.89,16.00
"LIDD","DULCE DOMECQ","LICOR","ML","",750.00,0.00,0.00,155.00,139.18,0.00
"LIDP","KALHUA LICOR DE CAFE","LICOR","ML","",1000.00,2.10,0.00,118.97,110.66,16.00
"LIDR","DRAMBUIE","LICOR","ML","",750.00,2.15,0.00,399.57,199.79,16.00
"LIDU","DUBONET","LICOR","ML","",750.00,0.16,0.00,234.61,117.31,16.00
"LIDZ","LICOR DE DURAZNO/MELOCOTO","LICOR","ML","",750.00,2.14,0.00,89.66,44.83,16.00
"LIFD","LICOR DE FRUTAS DEKUYPER","LICOR","ML","",750.00,0.00,0.00,86.09,88.70,0.00
"LIFE","FERNET","LICOR","ML","",750.00,4.10,0.00,124.14,116.06,16.00
"LIFF","FRESA LICOR","LICOR","ML","",750.00,0.00,0.00,1.00,0.00,16.00
"LIFR","FRANGELICO","LICOR","ML","",700.00,2.11,0.00,254.31,251.73,16.00
"LIGA","GALLIANO","LICOR","ML","",500.00,2.13,0.00,192.45,96.23,16.00
"LIGR","GRAND MARNIER IMP.","LICOR","ML","",700.00,2.13,0.00,486.21,243.11,16.00
"LIHA","HPNOTIC HARMONIE","LICOR","ML","",750.00,0.00,0.00,341.30,256.23,0.00
"LIHP","HPNOTIQ","LICOR","ML","",750.00,8.06,0.00,421.41,421.38,16.00
"LIHU","HURACAN","LICOR","ML","",750.00,0.00,0.00,1.00,0.00,0.00
"LIII","AMOR LICOR","LICOR","ML","",750.00,0.00,0.00,1.00,0.00,0.00
"LIJA","JAGERMEISTER","LICOR","ML","",750.00,8.15,0.00,254.31,254.31,16.00
"LILI","LICOR LIMONCELLO","LICOR","ML","",750.00,0.00,0.00,1.00,0.00,0.00
"LIMB","MENTA BLANCA","LICOR","ML","",750.00,0.00,0.00,50.00,0.00,0.00
"LIMD","MARTINI BCO DULCE","LICOR","ML","",750.00,2.11,0.00,141.38,108.18,16.00
"LIME","LICOR DE MELON","LICOR","ML","",750.00,2.14,0.00,267.24,197.35,16.00
"LIMM","MELON MIDORI","LICOR","ML","",750.00,2.16,0.00,30.00,36.58,0.00
"LIMN","MANDARINE NAPOLEON","LICOR","ML","",750.00,2.10,0.00,423.37,211.69,16.00
"LIMR","MARTINI ROJO","LICOR","ML","",750.00,2.02,0.00,155.09,77.55,16.00
"LIMS","MARTINI BCO SECO","LICOR","ML","",750.00,2.03,0.00,155.09,116.32,16.00
"LIMV","MENTA VERDE","LICOR","ML","",750.00,1.07,0.00,70.00,70.05,16.00
"LIMZ","LICOR DE MANZANA DEKUYPER","LICOR","ML","",750.00,2.21,0.00,113.79,56.90,16.00
"LINU","NUVO","LICOR","ML","",750.00,0.00,0.00,1.00,0.00,0.00
"LIOR","LICOR ORUJO","LICOR","ML","",750.00,0.00,0.00,1.00,0.00,0.00
"LIPA","LICOR PASSOA","LICOR","ML","",750.00,0.00,0.00,40.00,0.00,0.00
"LIPL","LICOR DE PLATANO 750","LICOR","ML","",750.00,2.00,0.00,95.97,95.92,0.00
"LIPX","PACHARA BASARANA","LICOR","ML","",750.00,0.14,0.00,240.78,120.39,16.00
"LIRD","LICOR CINZANO ROJO D","LICOR","ML","",750.00,2.03,0.00,102.61,107.31,0.00
"LIRI","RICHARDS LICOR","LICOR","ML","",750.00,0.00,0.00,100.00,0.00,0.00
"LIRO","ROMPOPE","LICOR","ML","",900.00,2.00,0.00,93.30,90.66,0.00
"LISA","LICOR DE SANDIA DEKUYPER","LICOR","ML","",750.00,2.00,0.00,104.69,104.65,0.00
"LISC","CHINCHON SECO","LICOR","ML","",1000.00,2.03,0.00,184.48,131.68,16.00
"LISD","SECO DOMECQ","LICOR","ML","",750.00,0.00,0.00,60.00,59.03,0.00
"LISG","SAMBUCA BCO","LICOR","ML","",700.00,2.00,0.00,211.04,156.45,16.00
"LISN","SAMBUCA NEGRO","LICOR","ML","",700.00,6.00,0.00,228.45,228.45,16.00
"LISO","CITRIC SOUTH COMFOR","LICOR","ML","",750.00,0.00,0.00,1.00,0.00,0.00
"LIST","STREGA","LICOR","ML","",750.00,2.17,0.00,534.78,466.36,16.00
"LIVR","VERMOUNT","LICOR","ML","",750.00,6.12,0.00,113.79,113.92,16.00
"MARV","MARTELL VSOP","COGNA","","",1.00,0.00,0.00,564.66,564.66,16.00
"ME4C","400 CONEJOS ESPADIN BCO","MEZCA","ML","",750.00,6.15,0.00,354.61,354.61,16.00
"MEAA","ALIPUS SN ANDRES","MEZCA","ML","",750.00,0.03,0.00,499.57,250.29,16.00
"MEAJ","ALIPUS SN JUAN DEL RIO","MEZCA","ML","",750.00,0.08,0.00,418.10,313.83,16.00
"MEAL","ALACRAN","MEZCA","ML","",750.00,0.00,0.00,1.00,0.00,16.00
"MEAR","ALIPUS STANA RIO JOVEN","MEZCA","ML","",750.00,0.11,0.00,498.75,407.04,16.00
"MEAS","ALIPUS SAN BALTAZAR","MEZCA","ML","",750.00,0.10,0.00,499.57,250.29,16.00
"MEBE","BRUXO ESPADIN JOVEN","MEZCA","ML","",750.00,2.00,0.00,326.72,305.06,16.00
"MEBM","BRUXO ENSAMBLE","MEZCA","ML","",750.00,2.10,0.00,634.48,557.01,16.00
"MEBP","BRUXO PECHUGA","MEZCA","ML","",750.00,2.06,0.00,404.31,403.93,16.00
"MEDA","DANZANTES A벤JO","MEZCA","ML","",750.00,3.14,0.00,1040.69,933.18,16.00
"MEDB","DANZANTES JOVEN","MEZCA","ML","",750.00,3.00,0.00,593.97,589.49,16.00
"MEDR","DANZANTES REPOSADO","MEZCA","ML","",750.00,3.11,0.00,775.86,743.69,16.00
"MEEJ","ESPIRITU LAU.JOVEN","MEZCA","ML","",750.00,0.11,0.00,427.59,214.30,16.00
"MEEP","ESPIRITU LAU.REP","MEZCA","ML","",750.00,0.16,0.00,541.38,271.19,16.00
"MEER","AMORES ESPADIN REP","MEZCA","ML","",750.00,3.11,0.00,473.28,473.29,16.00
"MEGA","GARRAFAS MEZCAL","MEZCA","ML","",750.00,0.09,0.00,1.00,0.00,16.00
"MEI5","IBA 55 MEZCAL","MEZCA","ML","",750.00,0.00,0.00,1.00,0.00,0.00
"MEIB","IBA MEZCAL","MEZCA","ML","",750.00,0.00,0.00,1.00,0.00,0.00
"MEJB","JARAL DE BERRIO BCO","MEZCA","ML","",750.00,0.00,0.00,1.00,0.00,0.00
"MEMM","MEXCALITO MARACUYA","MEZCA","ML","",750.00,2.15,0.00,297.42,149.21,16.00
"MEOX","OAXACA MEZCAL","MEZCA","ML","",750.00,0.00,0.00,1.00,0.00,0.00
"METO","TOBALA MEZCAL","MEZCA","ML","",750.00,0.00,0.00,1.00,0.00,0.00
"MEZS","ZIGNUM SILVER","MEZCA","ML","",750.00,10.19,0.00,214.66,214.66,16.00
"MXC!","MEXCALITO MINI COCO","MEZCA","ML","",124.00,15.00,0.00,60.35,0.00,0.00
"MXME","MEXCALITO ESPADIN","MEZCA","ML","",750.00,1.10,0.00,297.42,0.00,0.00
"MXMG","MEXCALITO GUAYABA","MEZCA","ML","",750.00,2.00,0.00,297.42,0.00,0.00
"MZM3","MEXCALITO MINI TAMARINDO","MEZCA","ML","",124.00,18.00,0.00,60.35,0.00,0.00
"MZM4","MEXCALITO MINI GUAYABA","MEZCA","ML","",124.00,18.00,0.00,60.35,0.00,0.00
"MZM5","MEXCALITO MINI ESPADIN","MEZCA","ML","",124.00,15.00,0.00,60.35,0.00,0.00
"MZM@","MEXCALITO MINI MARACUTYA","MEZCA","ML","",124.00,21.00,0.00,60.35,0.00,0.00
"MZMC","MEXCALITO COCO","MEZCA","ML","",750.00,2.00,0.00,297.42,0.00,0.00
"MZMT","MEXCALITO TAMARINDO","MEZCA","ML","",750.00,2.10,0.00,297.42,297.42,16.00
"PM04","ATUN MEDALLON","MARIS","pz","",1000.00,3.38,0.00,306.00,306.05,0.00
"PM05","BACALAO","MARIS","gr","",1000.00,0.00,0.00,350.00,175.00,0.00
"PM07","CAMARON 21/25","MARIS","gr","",2000.00,0.00,0.00,170.00,177.37,0.00
"PM08","CAMARON AGUACHILE","MARIS","gr","",2000.00,3.84,0.00,220.00,221.50,0.00
"PM09","CAMARON PACOTILLA","MARIS","gr","",1000.00,0.00,0.00,215.00,214.26,0.00
"PM10","CAMARON U10","MARIS","gr","",2000.00,0.00,0.00,560.00,527.50,0.00
"PM11","CAMARON U15","MARIS","gr","",2000.00,1.20,0.00,480.00,480.00,0.00
"PM17","MARLYN AHUMADO","MARIS","gr","",1000.00,0.00,0.00,175.00,175.00,0.00
"PM19","PULPA DE JAIBA","MARIS","gr","",1000.00,0.00,0.00,260.00,259.30,0.00
"PM20","PULPO","MARIS","gr","",1000.00,0.86,0.00,220.00,220.93,0.00
"PM21","PULPO PRECOCIDO","MARIS","gr","",1000.00,0.00,0.00,90.00,0.00,0.00
"PM26","TENTACULO DE PULPO","MARIS","gr","",1000.00,0.00,0.00,80.00,80.00,0.00
"PM27","TINTA DE CALAMAR","MARIS","gr","",180.00,1.00,0.00,150.00,147.19,0.00
"PULQ","PULQUE","TEQUI","ML","",1000.00,0.00,0.00,35.00,36.14,0.00
"RBPR","RED BUL PROMO","REFRE","PZ","",1.00,-4.00,0.00,1.00,0.00,0.00
"REDB","RED BULL","ENERG","PZ","",1.00,85.00,0.00,23.75,23.63,0.00
"REDI","COCA LIGTH","REFRE","ML","",355.00,0.00,0.00,6.90,3.45,16.00
"RESF","RED BULL SUGAR FREE","REFRE","ML","",355.00,0.00,0.00,1.00,0.00,0.00
"RO10","BACARDI 101  700 ML","RONNN","ML","",700.00,0.00,0.00,99.13,100.09,0.00
"ROA1","APPLETON STATE 12","RONNN","ML","",750.00,2.17,0.00,387.93,387.88,16.00
"ROAB","APPLETON BCO 750 ML","RONNN","ML","",750.00,8.00,0.00,86.21,86.19,16.00
"ROAO","APPLETON ESPECIAL","RONNN","ML","",750.00,4.12,0.00,94.83,94.83,16.00
"ROAP","APPLETON STATE V/X 750 ML","RONNN","ML","",750.00,6.08,0.00,165.52,165.52,16.00
"ROB2","BOTRAN 12","RONNN","ML","",750.00,2.04,0.00,288.79,288.80,16.00
"ROB8","BACARDI 8","RONNN","ML","",750.00,4.01,0.00,284.48,284.48,16.00
"ROBA","BACARDI A벤JO LTO.","RONNN","ML","",946.00,0.00,0.00,88.70,87.99,0.00
"ROBB","BACARDI BLANCO 750","RONNN","ML","",946.00,22.75,0.00,105.00,104.11,16.00
"ROBG","BOTRAN RESERVA 15","RONNN","ML","",750.00,2.16,0.00,383.62,383.62,16.00
"ROBM","BACARDI BCO MISIL","RONNN","ML","",3000.00,0.00,0.00,557.18,557.13,0.00
"ROBV","BOTRAN SOLERA G.RES","RONNN","ML","",750.00,2.06,0.00,530.17,513.20,16.00
"ROCB","CAPT.MORGAN BLACK","RONNN","mL","",750.00,0.00,0.00,172.79,173.44,0.00
"ROCM","CAPT.MORGAN","RONNN","ML","",750.00,6.87,0.00,111.21,111.22,16.00
"ROCW","CAPT.MORGAN WHITE","RONNN","ML","",750.00,3.14,0.00,112.07,111.60,16.00
"ROF1","FLOR CA베 12 A벮S","RONNN","NM","",750.00,3.08,0.00,425.00,425.00,16.00
"ROF5","FLOR CA베 5 A벮S","RONNN","ML","",750.00,0.00,0.00,1.00,0.00,0.00
"ROF7","FLOR CA베 7 A벮S","RONNN","ML","",750.00,3.14,0.00,225.86,225.86,16.00
"ROH3","HAVANA 3 A벮S A벤JO ESP.","RONNN","ML","",750.00,0.00,0.00,106.88,93.52,16.00
"ROH7","HAVANA 7 A벮S","RONNN","ML","",750.00,11.06,0.00,255.17,255.17,16.00
"ROHB","HAVANA BARREL PROFF","RONNN","ML","",750.00,0.00,0.00,1.00,0.00,0.00
"ROHC","HAVANA BLANCO","RONNN","ML","",750.00,14.23,0.00,112.93,112.93,16.00
"ROHG","HAVANA GRAN RESERVA","RONNN","ML","",750.00,0.00,0.00,1.00,0.00,0.00
"ROHM","HAVANA SELC.MAESTROS","RONNN","ML","",750.00,1.04,0.00,650.86,325.43,16.00
"ROHR","HAVANA RESERVA","RONNN","ML","",750.00,0.00,0.00,1.00,0.00,0.00
"ROHS","HAVANA SILVER","RONNN","ML","",750.00,0.00,0.00,1.00,0.00,0.00
"ROKG","KRAKEN GHOST","RONNN","ML","",750.00,0.08,0.00,117.33,58.67,16.00
"ROKR","KRAKEN","RONNN","ML","",750.00,2.05,0.00,126.72,126.72,16.00
"ROM1","MATUSALEM G.RES. 18 A벮S","RONNN","ML","",750.00,2.12,0.00,418.49,313.87,16.00
"ROM3","MATUSALEM 23","RONNN","ML","",750.00,1.09,0.00,863.19,647.65,16.00
"ROMA","MALIBU COCO WHITE","RONNN","ML","",750.00,3.14,0.00,136.21,136.21,16.00
"ROMB","MALIBU BLACK","RONNN","ML","",750.00,0.00,0.00,141.68,124.10,0.00
"ROMC","MATUSALEM CLASICO","RONNN","ML","",750.00,10.00,0.00,133.21,133.22,16.00
"ROMG","MATUSALEM GRAN RESERVA","RONNN","ML","",750.00,6.06,0.00,233.97,233.98,16.00
"ROMP","MATUSALEM PLATINO","RONNN","ML","",750.00,5.80,0.00,105.73,105.74,16.00
"ROPL","RON BACARDI BIG APPLE 750","RONNN","ML","",750.00,0.00,0.00,94.78,94.35,0.00
"ROZ2","ZACAPA 23 A벮S","RONNN","ML","",750.00,8.10,0.00,646.55,646.55,16.00
"ROZA","ZACAPA 15","RONNN","ML","",750.00,0.00,0.00,1.00,0.00,0.00
"ROZM","ZACAPA AMBER","RONNN","ML","",750.00,4.02,0.00,523.32,523.33,16.00
"ROZX","ZACAPA XO","RONNN","ML","",750.00,1.00,0.00,1612.07,1410.57,16.00
"SCDR","SODA CAN DRY","REFRE","ML","",1000.00,0.00,0.00,4.57,3.67,0.00
"SIDR","SIDRA KOPPARBERG 300 ML.","VINOS","ML","",300.00,0.00,0.00,23.80,23.80,0.00
"SL10","BOLSA DE 1 KG","SULI","RO","",1.00,10.00,0.00,52.20,52.18,0.00
"SL11","BOLSA 2 KG","SULI","RO","",1.00,10.00,0.00,46.40,72.33,0.00
"SL15","BOLSA DE 5 KG","SULI","GR","",1000.00,10.00,0.00,52.20,50.75,0.00
"SL16","BOLSA ASA","SURES","GR","",1000.00,0.00,0.00,52.20,44.61,0.00
"SL28","DETERGENTE LIQUIDO AXION","SULI","PZ","",1.00,10.00,0.00,22.04,23.44,0.00
"SL38","FIBRA ESPONJA","SULI","PZ","",1.00,10.00,0.00,14.50,14.50,0.00
"SOAE","GARRAFON DE AGUA","REFRE","ML","",19000.0,0.00,0.00,27.00,26.16,0.00
"SOAN","AGUA NATURAL","BEBID","ML","",600.00,92.00,0.00,4.21,4.21,0.00
"B008","AGUA QUINA","BEBID","ML","",237.00,85.00,0.00,5.78,5.78,16.00
"SODC","PEPSI LIGHT","REFRE","ML","",355.00,0.00,0.00,4.57,4.56,0.00
"SOGL","SEAGRAM'S LATA/GINGER","REFRE","ML","",355.00,0.00,0.00,4.74,4.74,16.00
"SOSI","SIDRAL","BEBID","ML","",355.00,16.00,0.00,15.19,15.20,16.00
"SOSL","SODA SQUIRT LIGHT","REFRE","ML","",355.00,0.00,0.00,4.57,4.56,0.00
"SOSP","SPRITE","REFRE","ML","",355.00,-540.75,0.00,14.13,10.55,0.00
"SOSQ","SODA SQUIRT TORONJA","REFRE","ML","",355.00,0.00,0.00,3.42,3.47,0.00
"SPEE","SPEED","REFRE","ML","",1.00,0.00,0.00,1.00,0.00,0.00
"SR12","CONTENEDOR 9X9","SURES","PZ","",1.00,0.00,0.00,2.09,2.04,0.00
"SR13","CONTENEDOR HAMBURGUESA","SURES","PZ","",1.00,0.00,0.00,1.74,1.56,0.00
"SR38","PAPEL ALUMINIO","SURES","PZ","",1.00,0.00,0.00,220.40,220.34,0.00
"SR43","VITAFILM","SURES","PZ","",1.00,0.00,0.00,139.20,139.20,0.00
"SR44","HOJA POLIPAPEL","SURES","PZ","",1.00,0.00,0.00,1.00,0.00,0.00
"SR46","PAPEL VITAFILM","SURES","PZ","",1.00,0.00,0.00,116.00,0.00,0.00
"SR48","SERVILLETA","SURES","PZ","",1.00,0.00,0.00,313.20,313.20,0.00
"SR66","VASO 1 LT","SURES","PA","",1.00,0.00,0.00,110.20,94.26,0.00
"SR74","HILO CANAMO","SURES","PZ","",1.00,0.00,0.00,1.00,0.00,0.00
"SR75","HOJAS PARA MIXIOTE","ABARR","PZ","",1.00,0.00,0.00,0.61,0.58,0.00
"SR76","VASITOS DE COLORES","SURES","PZ","",1.00,0.00,0.00,696.00,633.07,0.00
"SR85","CAJA VASO #12","SURES","PZ","",1.00,0.00,0.00,440.80,440.80,0.00
"SR99","CUBIERTO DESECHABLE","SURES","PZ","",1.00,0.00,0.00,33.00,30.19,0.00
"STAC","STA HELENA CHARDONAY","VINOS","75","",750.00,0.00,0.00,211.21,207.08,0.00
"SUM2","CUCHARA NEVERA","SURES","PA","",1.00,0.00,0.00,42.92,43.75,0.00
"TE10","100 A벮S REP.VERDE 750 ML","TEQUI","ML","",750.00,0.00,0.00,120.00,120.01,0.00
"TE18","1800 A벤JO","TEQUI","ML","",700.00,4.15,0.00,420.13,420.13,16.00
"TE1C","1800 CRISTALINO","TEQUI","ML","",700.00,4.04,0.00,487.28,487.28,16.00
"TE1R","1800 REPOSADO","TEQUI","ML","",700.00,4.01,0.00,308.75,308.75,16.00
"TE3A","3 GEN.A벤JO","TEQUI","ML","",750.00,2.15,0.00,448.19,434.12,16.00
"TE3G","3 GEN.REPOSADO","TEQUI","ML","",750.00,0.00,0.00,510.00,0.00,16.00
"TEAC","CENTENARIO AZUL","TEQUI","ML","",750.00,8.00,0.00,159.70,159.70,16.00
"TEAN","HERRAD.ANT.REP","TEQUI","ML","",750.00,6.00,0.00,185.34,185.34,16.00
"TEAZ","LOS AZULEJOS","TEQUI","ML","",750.00,0.00,0.00,276.52,276.53,0.00
"TEBL","CAZADORES BCO. LT.","TEQUI","ML","",950.00,0.00,0.00,173.04,173.46,0.00
"TEC3","CUERVO TRAD 3LTS","TEQUI","ML","",3000.00,0.00,0.00,763.47,739.65,0.00
"TECA","CAZADORES REP. 750","TEQUI","ML","",750.00,0.00,0.00,427.01,364.57,0.00
"TECE","CENTENARIO REP. 750 ML.","TEQUI","ML","",750.00,2.06,0.00,147.64,147.65,16.00
"TECJ","CORRALEJO REP. LTO.","TEQUI","ML","",999.99,0.00,0.00,152.17,148.76,0.00
"TECL","CUERVO TRAD.PLATA","TEQUI","ML","",750.00,3.01,0.00,171.55,171.55,16.00
"TECM","CAZADORES REP MISIL","TEQUI","ML","",750.00,0.00,0.00,427.01,420.36,0.00
"TECO","CONMEMORATIVO","TEQUI","ML","",940.00,0.00,0.00,160.87,160.87,0.00
"TECP","CENTENARIO PLATA 700 ML.","TEQUI","ML","",750.00,0.89,0.00,190.00,190.00,16.00
"TECR","CUERVO TRAD.","TEQUI","ML","",695.00,11.95,0.00,214.57,214.57,16.00
"TECS","CUERVO ESPECIAL 990","TEQUI","ML","",990.00,0.00,0.00,77.82,77.82,0.00
"TEC","CENTENARIO A벤JO","TEQUI","ML","",750.00,1.11,0.00,386.55,373.26,16.00
"TED1","DON JULIO 70","TEQUI","ML","",750.00,4.93,0.00,482.72,482.72,16.00
"TED4","DON JULIO 1942","TEQUI","ML","",750.00,1.00,0.00,1120.69,1044.79,16.00
"TEDB","DON JULIO BLANCO 750","TEQUI","ML","",750.00,4.08,0.00,250.00,250.00,16.00
"TEDJ","DON JULIO REP. 750 ML.","TEQUI","ML","",750.00,4.04,0.00,306.03,306.03,16.00
"TEEB","ESPOLON BCO","TEQUI","ML","",750.00,1.00,0.00,208.02,184.11,16.00
"TEEC","ESPOLON COLORADO","TEQUI","ML","",750.00,1.14,0.00,268.62,250.12,16.00
"TEEM","ESPOLON MARANON","TEQUI","ML","",750.00,1.00,0.00,343.97,294.58,16.00
"TEHA","HERRAD.A벤JO TEQ","TEQUI","ML","",750.00,3.12,0.00,394.83,394.41,16.00
"TEHB","HERRAD.BCO","TEQUI","ML","",950.00,4.02,0.00,249.91,249.91,16.00
"TEHD","HERRAD.BCO.DIRECTO ALAMBI","TEQUI","ML","",750.00,2.10,0.00,589.55,294.78,16.00
"TEHJ","HERRAD.ANT.ANEJO","TEQUI","ML","",750.00,0.00,0.00,0.00,0.00,0.00
"TEHL","HACIENDA BLACK","TEQUI","ML","",750.00,0.00,0.00,100.00,0.00,0.00
"TEHN","HERRAD.ANT.PLATA","TEQUI","ML","",750.00,3.01,0.00,192.46,192.46,16.00
"TEHP","HORNITOS PLATA 750 ML.","TEQUI","ML","",750.00,0.00,0.00,112.17,0.00,0.00
"TEHR","HERRAD.REPOSADO","TEQUI","ML","",950.00,8.13,0.00,287.88,287.88,16.00
"TEHS","SAUZA HDA.REP. 700 MLS.","TEQUI","ML","",700.00,0.00,0.00,107.83,107.85,0.00
"TEHT","HERRAD.PLATA","TEQUI","ML","",750.00,1.16,0.00,255.17,255.18,16.00
"TEHU","HERRAD.SEL.SUPREMA","TEQUI","ML","",750.00,1.00,0.00,2122.44,1061.22,16.00
"TEHX","HERRAD.ULTRA","TEQUI","ML","",750.00,2.14,0.00,443.97,443.98,16.00
"TEHZ","HERRAD.ANT.BCO","TEQUI","ML","",750.00,0.00,0.00,145.73,109.55,0.00
"TEH","HORNITOS A벤JO 750 ML.","TEQUI","ML","",750.00,0.00,0.00,173.04,0.00,0.00
"TEJ7","JIMADOR REP 700","TEQUI","ML","",700.00,15.13,0.00,108.11,108.12,16.00
"TEJA","DON JULIO A벤JO","TEQUI","ML","",750.00,4.08,0.00,422.41,424.30,16.00
"TEJB","JIMADOR BCO","TEQUI","ML","",750.00,0.00,0.00,90.61,90.42,0.00
"TEJF","JIMADOR FUEGO","TEQUI","ML","",750.00,0.00,0.00,1.00,0.00,0.00
"TEJI","JIMADOR LT.","TEQUI","ML","",950.00,0.00,0.00,109.53,103.38,0.00
"TEJJ","JIMADOR ANEJO","TEQUI","ML","",750.00,2.11,0.00,214.66,207.64,16.00
"TELI","TECATE LIGHT","CERVE","ML","",355.00,0.00,0.00,7.25,7.26,0.00
"TEMA","MAESTRO TEQ.A벤JO","TEQUI","ML","",750.00,3.12,0.00,404.31,302.56,16.00
"TEMB","MAESTRO TEQ.BCO","TEQUI","ML","",750.00,4.12,0.00,335.78,335.84,16.00
"TEMD","MAESTRO TEQ.DOB.DIAMANTE","TEQUI","ML","",750.00,4.01,0.00,484.01,484.01,16.00
"TEME","MILAGRO REPOSADO","TEQUI","ML","",750.00,2.10,0.00,217.24,190.65,16.00
"TEMP","MILAGRO PLATA","TEQUI","ML","",750.00,2.06,0.00,185.34,170.44,16.00
"TEMR","MAESTRO TEQ.REPOSADO","TEQUI","ML","",750.00,4.00,0.00,390.65,390.33,16.00
"TEPA","PATRON A벤JO","TEQUI","ML","",750.00,0.10,0.00,545.80,474.52,16.00
"TEPR","PATRON REPOSADO","TEQUI","ML","",750.00,0.00,0.00,1.00,0.00,0.00
"TEPS","PATRON SILVER","TEQUI","ML","",750.00,0.00,0.00,1.00,0.00,0.00
"TEPX","PATRON XO","TEQUI","ML","",750.00,0.00,0.00,1.00,0.00,0.00
"TERA","RESERVA FAMILIA A벤JO","TEQUI","ML","",750.00,2.16,0.00,1422.41,1380.77,16.00
"TERB","CASA DRAGONES BCO","TEQUI","ML","",750.00,0.00,0.00,948.28,711.46,16.00
"TERH","REAL HACIENDA","TEQUI","ML","",750.00,0.00,0.00,100.00,0.00,0.00
"TERJ","CASA DRAGONES JOVEN","TEQUI","ML","",750.00,0.00,0.00,1.00,0.00,0.00
"TERS","RESERVA FAM PLATINO","TEQUI","ML","",750.00,2.14,0.00,490.52,473.93,16.00
"TESA","SUAVE 35 MANDARIN","TEQUI","ML","",750.00,0.00,0.00,1.00,0.00,0.00
"TESC","SUAVE 35 CITRUS","TEQUI","ML","",750.00,0.00,0.00,1.00,0.00,0.00
"TESH","SAUZA HORNITOS","TEQUI","ML","",684.00,0.00,0.00,117.39,117.39,0.00
"TESM","SUAVE 35 MANDARINE TEQ.","TEQUI","ML","",1000.00,0.00,0.00,155.65,0.00,0.00
"TESU","HERRAD.SUAVE","TEQUI","ML","",700.00,0.00,0.00,112.20,111.55,0.00
"TETB","TEZON BCO","TEQUI","ML","",750.00,0.00,0.00,1.00,0.00,0.00
"TETP","TRADICIONAL PLATA","TEQUI","ML","",750.00,0.00,0.00,232.59,116.30,16.00
"TETR","TEZON REPOSADO","TEQUI","ML","",750.00,0.00,0.00,1.00,0.00,0.00
"TEVR","VIUDA DE ROMERO","TEQUI","ML","",750.00,0.00,0.00,100.00,0.00,0.00
"TEZA","CAZADORES A벤JO 750 ML","TEQUI","ML","",750.00,0.00,0.00,247.83,0.00,0.00
"U003","GUANTE CIRUJANO","SURES","","",1.00,0.00,0.00,113.68,79.17,0.00
"V001","AJONJOLI BLANCO","VERDU","gr","",1000.00,1.38,0.00,55.00,51.08,0.00
"V002","AJONJOLI CARAMELIZADO","VERDU","gr","",1000.00,0.00,0.00,60.00,44.50,0.00
"V003","AJONJOLI NEGRO","VERDU","gr","",1000.00,0.00,0.00,60.00,52.50,0.00
"V004","ALMENDRA ENTERA","VERDU","gr","",1000.00,0.00,0.00,230.00,215.96,0.00
"V005","ALMENDRA FILETEADA","VERDU","gr","",1000.00,0.00,0.00,250.00,249.03,0.00
"V006","ALBERJON","VERDU","gr","",1000.00,0.00,0.00,14.50,15.42,0.00
"V007","AMARANTO","VERDU","gr","",1000.00,0.00,0.00,48.00,24.00,0.00
"V009","ARANDANOS DESHIDRATADOS","VERDU","gr","",1000.00,0.00,0.00,97.00,96.28,0.00
"V011","CACAHUATE","VERDU","gr","",1000.00,0.33,0.00,47.00,49.94,0.00
"V012","CANELA EN RAJA","VERDU","gr","",1000.00,0.00,0.00,390.00,416.22,0.00
"V013","CARDAMOMO RAIZ","VERDU","gr","",1000.00,0.00,0.00,1000.00,638.38,0.00
"V014","CHIA","VERDU","gr","",1000.00,1.35,0.00,80.00,40.00,0.00
"V015","CHILE ANAHEIM","VERDU","gr","",1000.00,0.00,0.00,29.00,28.44,0.00
"V019","ELOTE GRANO","VERDU","gr","",1000.00,0.00,0.00,38.00,37.88,0.00
"V020","ENEBRO","VERDU","gr","",1000.00,0.00,0.00,260.00,255.00,0.00
"V021","ENELDO","VERDU","gr","",1000.00,0.00,0.00,90.00,45.00,0.00
"V022","GARBANZO","VERDU","gr","",1000.00,0.00,0.00,47.00,48.91,0.00
"V023","HOJA DE AGUACATE","VERDU","gr","",1000.00,0.00,0.00,27.00,26.05,0.00
"V024","HOJA DE JAMAICA","VERDU","gr","",1000.00,0.15,0.00,120.00,89.87,0.00
"V025","JENGIBRE","VERDU","gr","",1000.00,0.00,0.00,80.00,80.97,0.00
"V026","LIMON CON SEMILLA","VERDU","gr","",1000.00,0.00,0.00,14.00,10.55,0.00
"V027","NARANJA","VERDU","gr","",1000.00,0.80,0.00,6.50,6.51,0.00
"V030","NUEZ MACADAMIA","VERDU","gr","",1000.00,0.00,0.00,250.00,250.00,0.00
"V031","NUEZ QUEBRADA","VERDU","gr","",1000.00,0.08,0.00,305.00,310.66,0.00
"V032","PASAS","VERDU","gr","",1000.00,0.00,0.00,53.00,52.98,0.00
"V033","PEPITA","VERDU","gr","",1000.00,0.54,0.00,86.00,84.58,0.00
"V034","PEPITA DE CALABAZA","VERDU","gr","",1000.00,0.00,0.00,80.00,58.75,0.00
"V035","PILONCILLO","VERDU","gr","",1000.00,0.00,0.00,34.00,31.32,0.00
"V036","PISTACHE LIMPIO","VERDU","gr","",1000.00,0.00,0.00,480.00,451.88,0.00
"V037","SEMILLA DE HINOJO","VERDU","gr","",1000.00,0.00,0.00,80.00,80.00,0.00
"V038","SEMILLA DE GIRASOL","VERDU","gr","",1000.00,0.00,0.00,60.00,58.10,0.00
"V039","SEMILLA DE CILANTRO","VERDU","gr","",1000.00,0.00,0.00,76.00,50.30,0.00
"V040","VAINA DE VAINILLA","VERDU","pz","",1.00,0.00,0.00,22.38,22.38,0.00
"V041","VERDOLAGAS","VERDU","gr","",1000.00,0.00,0.00,27.00,26.92,0.00
"V042","XOCONOSTLE","VERDU","gr","",1000.00,0.00,0.00,0.00,0.00,0.00
"V043","ZANAHORIA","VERDU","gr","",1000.00,1.72,0.00,12.00,12.00,0.00
"V044","ZARZAMORA","VERDU","gr","",1000.00,0.00,0.00,30.00,30.76,0.00
"V046","AGUACATE","VERDU","gr","",1000.00,6.77,0.00,37.00,37.50,0.00
"V047","AJO","VERDU","gr","",1000.00,1.46,0.00,62.00,64.31,0.00
"V048","AJO MACHO","VERDU","gr","",1000.00,0.00,0.00,0.00,0.00,0.00
"V049","ALBAHACA","VERDU","gr","",1000.00,0.00,0.00,37.00,25.00,0.00
"V050","ALCACHOFAS","VERDU","gr","",1000.00,0.00,0.00,0.00,0.00,0.00
"V051","APIO","VERDU","gr","",1000.00,0.00,0.00,12.00,12.26,0.00
"V052","BETABEL","VERDU","gr","",1000.00,0.00,0.00,18.00,13.94,0.00
"V053","BLUEBERRY","VERDU","gr","",1000.00,0.00,0.00,47.00,49.63,0.00
"V054","CALABACITA","VERDU","gr","",1000.00,4.29,0.00,10.00,9.01,0.00
"V055","CHILE MECO","VERDU","GR","",1000.00,0.00,0.00,1.00,0.00,0.00
"V056","CEBOLLA BLANCA","VERDU","gr","",1000.00,1.74,0.00,11.00,10.88,0.00
"V057","CEBOLLA CAMBRAY","VERDU","gr","",1000.00,-0.01,0.00,30.00,25.98,0.00
"V058","CEBOLLA MORADA","VERDU","gr","",1000.00,0.79,0.00,17.00,17.76,0.00
"V060","CHAMPI벮NES","VERDU","gr","",1000.00,0.30,0.00,50.00,50.14,0.00
"V063","CHICHARO PELADO","VERDU","gr","",1000.00,0.00,0.00,70.00,74.29,0.00
"V065","CHILE ANCHO","VERDU","gr","",1000.01,0.52,0.00,99.00,99.82,0.00
"V066","CHILE CASCABEL","VERDU","gr","",1000.00,1.80,0.00,170.00,151.04,0.00
"V067","CHILE CHILTEPIN","VERDU","gr","",1000.00,0.07,0.00,390.00,392.80,0.00
"V068","CHILE CHIPOTLE SECO","VERDU","gr","",1000.00,0.20,0.00,85.00,88.14,0.00
"V069","CHILE DE ARBOL SECO","VERDU","gr","",1000.00,0.33,0.00,106.00,106.77,0.00
"V070","CHILE GUAJILLO","VERDU","gr","",1000.00,0.22,0.00,89.00,89.26,0.00
"V071","CHILE HABANERO","VERDU","gr","",1000.00,-0.01,0.00,45.00,44.50,0.00
"V072","CHILE JALAPE벮","VERDU","gr","",1000.00,0.39,0.00,10.00,9.76,0.00
"V073","CHILE MANZANO AMARILLO","VERDU","gr","",1000.00,0.22,0.00,53.00,59.25,0.00
"V074","CHILE MORITA","VERDU","gr","",1000.00,0.63,0.00,81.00,81.71,0.00
"V075","CHILE MULATO","VERDU","gr","",1000.00,0.00,0.00,170.00,133.75,0.00
"V076","CHILE PASILLA","VERDU","gr","",1000.00,0.37,0.00,97.00,96.76,0.00
"V077","CHILE POBLANO","VERDU","gr","",1000.00,0.74,0.00,17.00,13.90,0.00
"V078","CHILE SERRANO","VERDU","gr","",1000.00,0.50,0.00,27.00,28.00,0.00
"V079","CHILE TAMPICO","VERDU","gr","",1000.00,0.59,0.00,22.00,22.27,0.00
"V080","CILANTRO","VERDU","gr","",1000.00,-0.05,0.00,55.00,34.65,0.00
"V081","CILANTRO RECIO","VERDU","gr","",1000.00,0.89,0.00,55.00,34.77,0.00
"V082","CLAVO DE OLOR","VERDU","gr","",1000.00,0.71,0.00,270.00,194.40,0.00
"V083","COCO RAYADO","VERDU","gr","",1000.00,0.00,0.00,50.00,48.25,0.00
"V085","COMINO","VERDU","gr","",1000.00,0.94,0.00,85.00,42.50,0.00
"V086","DURAZNO CRIOLLO","VERDU","gr","",1000.00,0.00,0.00,190.00,108.88,0.00
"V088","ELOTE","VERDU","gr","",1000.00,0.00,0.00,5.00,5.00,0.00
"V089","EPAZOTE VERDE","VERDU","gr","",1000.00,0.20,0.00,15.00,14.26,0.00
"V091","ESPINACA","VERDU","gr","",1000.00,0.00,0.00,100.00,96.46,0.00
"V092","FLOR DE CALABAZA","VERDU","gr","",1000.00,1.00,0.00,30.00,29.98,0.00
"V093","FLORES COMESTIBLES","VERDU","pz","",1000.00,0.00,0.00,100.00,85.02,0.00
"V094","FRAMBUESA","VERDU","gr","",1000.00,0.00,0.00,38.00,38.00,0.00
"V095","FRESA","VERDU","gr","",1000.00,0.00,0.00,42.00,40.82,0.00
"V096","GRANADA ROJA","VERDU","gr","",1000.00,0.00,0.00,38.00,43.25,0.00
"V097","GUAYABA","VERDU","gr","",1000.00,0.00,0.00,0.00,0.00,0.00
"V098","HIERBABUENA","VERDU","gr","",1000.00,0.00,0.00,44.00,28.50,0.00
"V101","HOJA DE MENTA","VERDU","gr","",1000.00,0.00,0.00,13.00,13.51,0.00
"V102","HOJA DE PL엢ANO","VERDU","gr","",1000.00,0.00,0.00,28.00,26.51,0.00
"V103","HOJA SANTA","VERDU","gr","",1000.00,0.00,0.00,30.00,25.04,0.00
"V104","JITOMATE CHERRY","VERDU","gr","",1000.00,1.00,0.00,23.00,25.12,0.00
"V105","JITOMATE SALADET","VERDU","gr","",1000.00,0.30,0.00,18.00,17.63,0.00
"V106","LAUREL","VERDU","gr","",1000.00,0.02,0.00,18.00,20.95,0.00
"V107","LECHUGA ARUGULA","VERDU","pz","",1000.00,0.00,0.00,45.00,55.75,0.00
"V108","LECHUGA FRANCESA","VERDU","pz","",1000.00,0.00,0.00,9.00,8.51,0.00
"V109","LECHUGA ITALIANA","VERDU","pz","",1000.00,1.00,0.00,8.00,8.01,0.00
"V110","LECHUGA OREJONA","VERDU","pz","",1000.00,0.00,0.00,10.00,9.76,0.00
"V111","LECHUGA RADICCIO","VERDU","pz","",1000.00,0.00,0.00,40.00,39.99,0.00
"V112","LECHUGA ROMANA","VERDU","pz","",1000.00,0.00,0.00,10.00,9.97,0.00
"V113","LECHUGA SUCRINE","VERDU","pz","",1000.00,0.00,0.00,25.00,12.50,0.00
"V114","LOM刻 AMARILLO EUREKA","VERDU","gr","",1000.00,0.00,0.00,0.00,0.00,0.00
"V115","LIM刻 SIN SEMILLA","VERDU","gr","",1000.00,-0.37,0.00,34.00,33.57,0.00
"V116","MANGO","VERDU","gr","",1000.00,0.00,0.00,31.00,27.15,0.00
"V122","NOPAL","VERDU","gr","",1000.00,0.41,0.00,23.00,23.55,0.00
"V123","NUEZ DE CASTILLA LIMPIA","VERDU","gr","",1000.01,0.00,0.00,420.00,450.24,0.00
"V125","NUEZ MOSCABADA","VERDU","gr","",1000.00,0.00,0.00,0.00,0.00,0.00
"V126","OREGANO SECO","VERDU","gr","",1000.00,0.38,0.00,75.00,49.99,0.00
"V127","PAPA ALFA","VERDU","gr","",1000.00,0.91,0.00,19.00,19.01,0.00
"V128","PAPA CAMBRAY","VERDU","gr","",1000.00,0.00,0.00,28.00,22.94,0.00
"V131","PENCA DE MAGUEY","VERDU","pz","",1.00,0.00,0.00,90.00,75.95,0.00
"V132","PEPINILLO FRESCO","VERDU","gr","",1000.00,0.00,0.00,42.00,35.25,0.00
"V133","PEPINO","VERDU","gr","",1000.00,-0.01,0.00,20.00,19.04,0.00
"V136","PEREJIL LISO","VERDU","gr","",1000.00,0.00,0.00,17.00,16.16,0.00
"V139","PIMIENTA ROJA","VERDU","gr","",1000.00,0.10,0.00,0.00,0.00,0.00
"V140","PIMIENTO MORR駕 AMARILLO","VERDU","gr","",1000.00,0.00,0.00,0.00,0.00,0.00
"V141","PIMIENTO MORR刻 ROJO","VERDU","gr","",1000.00,0.51,0.00,34.00,34.08,0.00
"V142","PIMIENTO MORR刻 VERDE","VERDU","gr","",1000.00,0.30,0.00,34.00,34.08,0.00
"V143","PI베","VERDU","gr","",1000.00,0.00,0.00,25.00,27.62,0.00
"V144","PE刻 ROSA","VERDU","gr","",1000.00,0.00,0.00,0.00,0.00,0.00
"V145","PL엢ANO MACHO","VERDU","gr","",1000.00,0.00,0.00,0.00,0.00,0.00
"V146","PL엢ANO TABASCO","VERDU","gr","",1000.00,0.00,0.00,0.00,0.00,0.00
"V147","PORO","VERDU","gr","",1000.00,0.00,0.00,16.00,15.38,0.00
"V148","R엑ANOS","VERDU","gr","",1000.00,0.00,0.00,0.00,0.00,0.00
"V149","ROMERO","VERDU","gr","",1000.00,0.14,0.00,13.00,13.00,0.00
"V151","SETAS","VERDU","gr","",1000.00,0.00,0.00,14.00,19.46,0.00
"V152","TOMATE","VERDU","gr","",1000.00,-0.06,0.00,13.00,13.12,0.00
"V153","TOMILLO","VERDU","gr","",1000.00,0.05,0.00,22.00,23.50,0.00
"V154","TORONJA","VERDU","gr","",1000.00,0.00,0.00,10.00,10.04,0.00
"V155","UVA PASA","VERDU","gr","",1000.00,0.00,0.00,34.00,31.00,0.00
"V156","UVA VERDE","VERDU","gr","",1000.00,0.00,0.00,75.00,77.01,0.00
"V200","HUAZONTLES","VERDU","GR","",1000.00,0.00,0.00,30.00,28.47,0.00
"V201","PAPAYA","VERDU","GR","",1000.00,0.00,0.00,43.00,33.29,0.00
"V300","SANDIA","VERDU","GR","",1000.00,0.00,0.00,54.00,48.80,0.00
"V301","PLATANO MACHO","VERDU","GR","",1000.00,0.00,0.00,14.00,15.84,0.00
"V302","RABANO BABY","VERDU","GR","",1000.00,0.80,0.00,18.00,19.02,0.00
"V303","HABA SECA","VERDU","GR","",1000.00,0.00,0.00,36.00,39.00,0.00
"V307","LIMON AMARILLO EUREKA","VERDU","GR","",1000.00,0.00,0.00,75.00,75.14,0.00
"VBAM","ASTI MARTI","VINOS","ML","",750.00,2.00,0.00,206.90,182.66,16.00
"VBAN","ANDRE ESPUMOSO","VINOS","ML","",750.00,0.00,0.00,1.00,0.00,0.00
"VBAS","ASTI RICADONNA","VINOS","ML","",750.00,0.00,0.00,176.07,139.76,16.00
"VBCB","CRUZ BLANCA BLANCO 4 LTS.","VINOS","ML","",4000.00,0.00,0.00,17.94,17.94,0.00
"VBEC","ELENA CHARDONAY","VINOS","ML","",750.00,0.00,0.00,1.00,0.00,0.00
"VBGA","LA CETTO BLANCO 750 ML","VINOS","ML","",750.00,0.00,0.00,64.33,64.33,0.00
"VBKB","KORBEL BRUT","VINOS","ML","",750.00,0.00,0.00,1.00,0.00,0.00
"VBKO","KORBEL SWEET ROSE","VINOS","ML","",750.00,0.00,0.00,1.00,0.00,0.00
"VBME","MARTINI ESPUMOSO","VINOS","ML","",750.00,0.00,0.00,1.00,0.00,0.00
"VEMM","MOSCATO MEDITERRANEO","VINOS","ML","",750.00,0.00,0.00,225.00,225.00,16.00
"VI01","SANTA ELENA VERNUS BLEND","VINOS","ML","",750.00,0.00,0.00,335.00,0.00,0.00
"VIBB","VINO BLANCO BATALLA","VINOS","ML","",1000.00,0.00,0.00,200.01,100.01,0.00
"VIC2","CASA M,ADERO 2V","VINOS","ML","",750.00,5.02,0.00,181.03,180.99,16.00
"VICC","CASA MADERO CAB. SAUV","VINOS","ML","",750.00,5.00,0.00,249.37,246.48,16.00
"VICS","CASA MADERO SHIRAZ","VINOS","ML","",750.00,5.00,0.00,249.37,249.37,16.00
"VIMC","MATARROMERA CRIANZA","VINOS","ML","",750.00,3.00,0.00,486.84,485.16,16.00
"VIMM","CASA MADERO MERLOT","VINOS","ML","",750.00,4.00,0.00,229.82,229.82,16.00
"VIMO","MOSCATO ESP.PETALO","VINOS","ML","",750.00,2.00,0.00,179.35,171.45,16.00
"VOAB","ABSOLUT AZUL 750 ML","VODKA","ML","",750.00,12.04,0.00,184.98,184.98,16.00
"VOAE","ABSOLUT PEARS","VODKA","ML","",750.00,3.10,0.00,184.98,184.98,16.00
"VOAG","ABSOLUT GRANADA","VODKA","ML","",750.00,0.00,0.00,1.00,0.00,0.00
"VOAK","ABSOLUT KURANT 750 M","VODKA","ML","",750.00,0.00,0.00,175.00,0.00,0.00
"VOAM","ABSOLUT MANDARINE 750 ML","VODKA","ML","",750.00,4.04,0.00,184.98,184.98,16.00
"VOAP","ABSOLUT APEACH 750 ML.","VODKA","ML","",750.00,0.00,0.00,143.48,143.87,0.00
"VOAR","ABSOLUT RASPBERRY 750 ML","VODKA","ML","",750.00,6.08,0.00,184.98,184.98,16.00
"VOAV","ABSOLUT VAINILLA","VODKA","ML","",750.00,0.00,0.00,135.65,135.29,0.00
"VOBE","BELVEDERE","VODKA","ML","",750.00,3.12,0.00,482.37,481.71,16.00
"VOCB","CIROC RED BERRY","VODKA","ML","",750.00,0.00,0.00,1.00,0.00,0.00
"VOCC","CIROC COCONUT","VODKA","ML","",750.00,0.00,0.00,1.00,0.00,0.00
"VOCI","ABSOLUT CITRON 750 ML","VODKA","ML","",750.00,0.00,0.00,184.98,138.01,16.00
"VOCR","CIROC","VODKA","ML","",750.00,2.16,0.00,439.66,425.93,16.00
"VODA","DANZKA VODKA NATURAL","VODKA","ML","",750.00,0.00,0.00,113.05,113.71,0.00
"VODC","DANZKA CITRON VODKA","VODKA","ML","",750.00,0.00,0.00,126.09,133.92,0.00
"VOER","ERISTOIF","VODKA","ML","",750.00,0.00,0.00,67.83,67.83,0.00
"VOFC","FINLANDIA CRANBERRY","VODKA","ML","",750.00,0.00,0.00,1.00,0.00,0.00
"VOFI","FINLANDIA","VODKA","ML","",750.00,3.10,0.00,206.22,103.11,16.00
"VOFL","FINLANDIA LIMON","VODKA","ML","",750.00,0.00,0.00,1.00,0.00,0.00
"VOFM","FINLANDIA MANGO","VODKA","ML","",750.00,0.00,0.00,1.00,0.00,0.00
"VOGC","GREY GOOSE CITRON","VODKA","ML","",750.00,0.00,0.00,1.00,0.00,0.00
"VOGL","GREY GOOSE LA POIRE","VODKA","ML","",750.00,0.00,0.00,1.00,0.00,0.00
"VOGO","GOTLAND","VODKA","ML","",750.00,4.09,0.00,139.22,128.59,16.00
"VOGR","GREY GOOSE VODKA 700 ML.","VODKA","ML","",700.00,6.08,0.00,422.41,422.41,16.00
"VOKE","KETEL ONE","VODKA","ML","",750.00,2.02,0.00,250.00,182.55,16.00
"VOMA","ABSOLUT MANGO","VODKA","ML","",750.00,3.06,0.00,184.98,184.98,16.00
"VORR","ABSOLUT RUBY RED 750 ML.","VODKA","ML","",750.00,0.00,0.00,156.52,157.01,0.00
"VOSE","STOLICHNAYA ELITE","VODKA","ML","",750.00,2.00,0.00,738.74,646.40,16.00
"VOSK","SKYY","VODKA","ML","",750.00,4.09,0.00,125.17,124.54,16.00
"VOSM","SMIRNOF","VODKA","ML","",1000.00,8.00,0.00,115.52,115.52,16.00
"VOST","STOLICHNAYA NATURAL 750","VODKA","ML","",750.00,8.04,0.00,240.98,240.98,16.00
"VOTH","THREE OLIVES","VODKA","NM","",750.00,2.00,0.00,256.50,0.00,16.00
"VOWN","WYBOROWA NARANJA","VODKA","ML","",750.00,0.00,0.00,1.00,0.00,0.00
"VOWY","WYBOROWA NATURAL","VODKA","ML","",750.00,14.16,0.00,103.25,103.25,16.00
"VTC3","CASA MADERO 3V","VINOS","ML","",750.00,5.02,0.00,249.37,249.38,16.00
"VTC4","CALIFORNIA TTO 4 LTS","VINOS","ML","",4000.00,1.00,0.00,159.48,159.64,16.00
"VTCB","CRUZ BLANCA TINTO  4 LTS.","VINOS","ML","",4000.00,0.00,0.00,17.94,17.95,0.00
"VTCD","CASILLERO DEL DIABLO","VINOS","ML","",750.00,0.00,0.00,83.48,83.49,0.00
"VTCS","CABERNET SAVIGNON","VINOS","ML","",750.00,0.00,0.00,0.00,0.00,0.00
"VTCT","CASILLEROS DE TIEBAS","VINOS","ML","",750.00,0.00,0.00,25.00,0.00,0.00
"VTEV","ELENA VERNUS BLEND","VINOS","ML","",750.00,0.00,0.00,1.00,0.00,0.00
"VTFC","FINCA LA CELIA","VINOS","ML","",750.00,0.00,0.00,272.06,136.53,0.00
"VTFM","GRAFFIGNA MALBEC G.R","VINOS","ML","",750.00,0.00,0.00,284.48,257.54,0.00
"VTG4","XA DOMEC SAB SAU 375 M","VINOS","ML","",375.00,0.00,0.00,30.43,30.37,0.00
"VTGC","CASA GDE CABERNET","VINOS","ML","",750.00,5.00,0.00,468.65,234.83,16.00
"VTGN","LA CETTO CAB SAU 750 ML.","VINOS","ML","",750.00,0.00,0.00,65.22,65.22,0.00
"VTGR","GRAQFFINGA PINOT GRIGO","VINOS","ML","",750.00,0.00,0.00,161.17,161.97,0.00
"VTGS","GRAFFIGNA C.S.CENTENARIO","VINOS","ML","",750.00,0.00,0.00,162.87,162.78,0.00
"VTGT","GRAFIN SANTIAGO","VINOS","ML","",750.00,0.00,0.00,175.26,88.13,0.00
"VTMC","MARQUES CACERES TTO","VINOS","ML","",750.00,0.00,0.00,138.29,138.28,0.00
"VTMP","MARQUES PLUMA COSECHA","VINOS","ML","",750.00,0.00,0.00,231.00,231.00,16.00
"VTRM","RESERVA MAGNA","VINOS","ML","",750.00,0.00,0.00,1.00,0.00,0.00
"VTRR","RESERVA REAL DOMECQ","VINOS","ML","",750.00,0.00,0.00,148.45,149.02,0.00
"VTSA","SUAVE GAUDINA","VINOS","ML","",750.00,0.00,0.00,225.00,0.00,0.00
"VTSG","CASA GDE SHIRAZ","VINOS","ML","",750.00,5.00,0.00,490.52,361.71,16.00
"VTSH","SANTA HELENA R.C.","VINOS","ML","",750.00,0.00,0.00,145.04,109.03,0.00
"VTSV","SANTA HELENA VARIETAL","VINOS","ML","",750.00,0.00,0.00,92.79,81.32,0.00
"VTTA","TERRAZAS ANDES MALBEC","VINOS","ML","",750.00,0.00,0.00,265.41,278.00,0.00
"VTVF","VI베 FLORA","VINOS","ML","",750.00,0.00,0.00,197.00,148.00,16.00
"WHB8","BUCHANNANS 18 A벮S","WHISK","ML","",750.00,4.15,0.00,1120.69,1120.69,16.00
"WHBA","BALLANTINES 12 A벮S 750 M","WHISK","ML","",750.00,2.15,0.00,389.11,387.17,16.00
"WHBF","BALLANTINE FINE","WHISK","ML","",750.00,2.13,0.00,175.86,175.86,16.00
"WHBL","BULLEIT","WHISK","ML","",750.00,2.04,0.00,305.25,304.72,16.00
"WHBM","BUCHANANS MASTER","WHISK","ML","",750.00,6.00,0.00,586.21,586.21,16.00
"WHBR","BUCHANANS RED SEAL","WHISK","ML","",750.00,2.00,0.00,2284.48,1677.80,16.00
"WHBU","BUCHANANS 12 A벮S","WHISK","ML","",750.00,18.06,0.00,504.31,504.31,16.00
"WHBW","BLACK & WHITE","WHISK","ML","",750.00,2.02,0.00,129.31,129.31,16.00
"WHC1","CHIVAS REGAL 21","WHISK","ML","",750.00,1.06,0.00,2309.47,1154.74,16.00
"WHC5","CHIVAS REGAL 25","WHISK","ML","",750.00,1.00,0.00,1.00,0.00,0.00
"WHC8","CHIVAS REGAL 18 A벮S","WHISK","ML","",750.00,3.02,0.00,1159.48,1159.62,16.00
"WHCA","CARDHU SINGLE MALT","WHISK","ML","",750.00,2.02,0.00,538.79,269.40,16.00
"WHCL","CHIVAS MAGUM 1.5","WHISK","ML","",1500.00,0.00,0.00,1.00,0.00,0.00
"WHCM","CANADIAN MIST","WHISK","ML","",750.00,2.12,0.00,150.62,115.02,16.00
"WHCR","CHIVAS REGAL 12 A벮S","WHISK","ML","",750.00,7.16,0.00,474.13,474.14,16.00
"WHCV","COUVOISIER VS","COGNA","ML","",750.00,0.00,0.00,1.00,0.00,0.00
"WHDE","DEWARS 12 A벮S WHISKY","WHISK","ML","",750.00,0.00,0.00,260.00,130.00,0.00
"WHDW","DEWAR`S WHITE LABEL 750ML","WHISK","ML","",750.00,0.00,0.00,144.35,144.35,0.00
"WHEN","JW NEGRA","WHISK","ML","",750.00,6.32,0.00,515.52,515.52,16.00
"WHER","JW ROJA","WHISK","ML","",750.00,18.11,0.00,213.79,213.79,16.00
"WHET","EARLY TIMES","WHISK","ML","",750.00,2.02,0.00,123.56,61.78,16.00
"WHG5","GLENLIVET 15","WHISK","ML","",750.00,0.00,0.00,1.00,0.00,0.00
"WHG8","GLENFIDDICH 18","WHISK","ML","",750.00,3.00,0.00,1482.76,1482.28,16.00
"WHGE","GLENFIDDISH 12","WHISK","ML","",750.00,3.00,0.00,581.90,581.91,16.00
"WHGG","GLEN GRANT","WHISK","ML","",700.00,1.01,0.00,228.45,224.98,16.00
"WHGL","GLENLIVET 12","WHISK","ML","",750.00,0.08,0.00,634.00,443.41,0.00
"WHGM","GLENMORANGIE ORIGINAL","WHISK","ML","",750.00,1.07,0.00,692.84,688.84,16.00
"WHGN","GENTLEMAN JACK","WHISK","ML","",750.00,1.04,0.00,495.69,425.14,16.00
"WHJ#","JACK DANIELS 3 LTS","WHISK","ML","",750.00,0.00,0.00,1052.59,1048.49,0.00
"WHJA","JAMESON","WHISK","ML","",750.00,6.00,0.00,265.52,265.05,16.00
"WHJB","J & B","WHISK","ML","",750.00,4.01,0.00,168.97,168.97,16.00
"WHJD","JACK DANIELS","WHISK","ML","",700.00,6.06,0.00,273.28,273.28,16.00
"WHJH","JACK DANIELS HONEY","WHISK","ML","",750.00,4.11,0.00,273.28,273.28,16.00
"WHJK","JW DOUBLE BLACK","WHISK","ML","",750.00,3.10,0.00,579.31,579.31,16.00
"WHJO","JW DORADA","WHISK","ML","",750.00,2.00,0.00,745.69,745.46,16.00
"WHJR","JAMESON SP RESERVA","WHISK","ML","",750.00,0.00,0.00,1.00,0.00,0.00
"WHJS","JACK DANIELS SINGLE BARRE","WHISK","ML","",750.00,1.00,0.00,861.21,660.68,16.00
"WHJV","JW VERDE","WHISK","ML","",750.00,1.15,0.00,850.00,849.07,16.00
"WHJZ","JW AZUL","WHISK","ML","",750.00,1.00,0.00,3232.76,3173.73,16.00
"WHM8","MACALLAN 18 A벮S","WHISK","ML","",750.00,1.00,0.00,1.00,0.00,0.00
"WHMC","MACALLAN 12 A벮S","WHISK","ML","",750.00,4.01,0.00,853.45,853.45,16.00
"WHMR","MACALLAN RUBY","WHISK","ML","",750.00,1.06,0.00,4344.83,2172.92,16.00
"WHMX","MARTELL XO","COGNA","ML","",750.00,1.00,0.00,1800.00,0.00,0.00
"WHOM","OLD PARR SMUGGLER","WHISK","ML","",750.00,3.12,0.00,88.79,66.60,16.00
"WHOP","OLD PARR","WHISK","ML","",750.00,3.08,0.00,409.48,409.48,16.00
"WHOS","OLD PARR SILVER","WHISK","ML","",750.00,3.13,0.00,331.90,331.90,16.00
"WHPA","PASSPORT","WHISK","ML","",750.00,10.11,0.00,117.24,117.24,16.00
"WHWO","WOODFORD","WHISK","ML","",750.00,1.00,0.00,1.00,0.00,0.00
"WHWT","WILD TURKEY","WHISK","ML","",750.00,2.12,0.00,215.52,209.60,16.00
"XXAM","XX AMBAR 24/2 325 MLS","CERVE","ML","",7800.00,0.00,0.00,8.44,20.63,0.00
"XXLA","XX LAGGER 1X24 BOT 325ML","CERVE","","",7800.00,0.00,0.00,8.44,8.44,0.00
"C080","FALDA DE CERDO","CARNE","GR","",1000.00,0.00,0.00,84.00,84.13,0.00
"V312","HUITLACOCHE","VERDU","GR","",1000.00,0.20,0.00,27.00,30.04,0.00
"SL14","BOLSA 90X120","SULI","GR","",1000.00,10.00,0.00,23.20,23.33,0.00
"SR32","PALILLO CAJA INDIVIDUAL","SURES","PZ","",1.00,0.00,0.00,232.00,224.07,0.00
"SR49","SERVILLETA COLOR","SURES","PZ","",1.00,0.00,0.00,351.47,346.87,0.00
"L046","QUESO PARMESANO CHICO","ABARR","GR","",1000.00,0.00,0.00,188.00,0.00,0.00
"L047","QUESO REQUESON","ABARR","GR","",1000.00,0.60,0.00,40.00,39.90,0.00
"L045","QUESO GRUYERE","ABARR","GR","",1000.00,0.00,0.00,198.00,213.50,0.00
"L043","QUESO PROVOLONE","ABARR","GR","",1000.00,1.00,0.00,183.15,183.12,0.00
"VE50","BROCOLI","VERDU","GR","",1000.00,0.00,0.00,8.50,6.75,0.00
"VE80","COLIFLOR","VERDU","GR","",1000.00,0.00,0.00,27.00,21.50,0.00
"B150","AGUA TONI.FERVER","BEBID","ML","",1.00,16.00,0.00,28.00,242.13,0.00
"SR79","ALCOHOL SOLIDO CUBETA","SURES","PZ","",1.00,0.00,0.00,45.00,267.51,0.00
"A408","JENGIBRE","ABARR","GR","",1000.00,0.00,0.00,1.00,0.00,0.00
"V016","CHICHARO CHINO","VERDU","GR","",1000.00,0.00,0.00,100.00,99.13,0.00
"V017","PAPA DE TIERRA","VERDU","GR","",1000.00,3.67,0.00,18.00,18.26,0.00
"V008","ANIS ESPE","VERDU","","",1000.00,0.00,0.00,200.00,165.25,0.00
"V250","PERON GOLDEN AMERICANOGR","VERDU","GR","",1000.00,0.00,0.00,57.00,64.02,0.00
"V249","MANZANILA","VERDU","GR","",1000.00,0.00,0.00,74.00,47.50,0.00
"PM22","ROBALO","MARIS","GR","",1000.00,0.00,0.00,420.00,367.63,0.00
"V230","COL MORADA","VERDU","GR","",1000.00,0.00,0.00,28.00,21.99,0.00
"PM30","LONJA DE PESCADO","MARIS","GR","",1000.00,0.00,0.00,300.00,267.00,0.00
"SR01","AGITADORES PKT","SURES","PZ","",1.00,0.00,0.00,39.00,38.99,0.00
"SR45","POPOTE ESTUCHADO","SURES","PZ","",1.00,0.00,0.00,241.20,225.85,0.00
"LSR!","SR.SALSA DE COCO","PRODU","","",600.00,0.00,0.00,75.54,75.54,0.00
"LSR"","SR.ADEREZO CESAR","PRODU","","",1000.00,0.00,0.00,26.08,26.08,0.00
"LSR#","SR.PIPIAN ROJO","PRODU","","",1500.00,-3.56,0.00,95.64,95.64,0.00
"LSR%","SR.NATILLA VAINILLA","PRODU","","",700.00,0.00,0.00,66.29,66.29,0.00
"LSR&","SR.NATILLA MAMEY","PRODU","","",700.00,0.00,0.00,43.91,43.91,0.00
"LSR'","SR.SESOS AL EPAZOTE","PRODU","","",1500.00,0.00,0.00,62.45,62.45,0.00
"LSR(","SR.SALSA ROMPOPE","PRODU","","",700.00,-28.29,0.00,67.54,67.54,0.00
"LSR)","SR.CALDO DE POLLO","PRODU","","",1000.00,-65.27,0.00,55.47,55.47,0.00
"LSR*","SR.SALSA FRUTOS ROJOS","PRODU","","",800.00,-0.02,0.00,43.45,43.45,0.00
"LSR+","SR.SOPES","PRODU","","",3.00,3.00,0.00,3.22,3.22,0.00
"LSR.","SR.MOJO DE AJO","PRODU","","",1000.00,-1.66,0.00,0.00,0.00,0.00
"LSR0","SR.REQUESON EPAZOTE","PRODU","","",250.00,-79.74,0.00,3.51,3.51,0.00
"LSR1","SR.CEBOLLA CARAMELIZADA","PRODU","GR","",1000.00,-55.40,0.00,17.39,17.39,0.00
"LSR2","SR.MAYO CHIPOTLE","PRODU","","",1350.00,-62.49,0.00,72.65,72.65,0.00
"LSR3","SR.FLOR CALABAZA","PRODU","","",1000.00,0.00,0.00,38.97,38.97,0.00
"LSR4","SR.SHORT RIB","PRODU","","",5000.00,-50.52,0.00,863.18,863.18,0.00
"LSR5","SR.PICO GALLO","PRODU","","",1600.00,-9.38,0.00,28.12,28.12,0.00
"LSR6","SR.SALSA COCTELERA","PRODU","","",1200.00,-7.40,0.00,67.57,67.57,0.00
"LSR7","SR.CHILES VINAGRE","PRODU","","",1500.00,0.00,0.00,17.45,17.45,0.00
"LSR8","SR.PICADILLO","PRODU","","",1000.00,0.00,0.00,158.75,158.75,0.00
"LSR9","SR.ARROZ CREMOSO","PRODU","","",1000.00,0.10,0.00,35.05,35.05,0.00
"LSR<","SR.CALDO POLLO AJILLO","PRODU","","",1000.00,0.00,0.00,70.31,70.31,0.00
"LSR>","SR.SOYA 3 CHILES","PRODU","","",1000.00,-3.28,0.00,212.86,212.86,0.00
"LSR?","SR.ARROZ ROJO","PRODU","","",1000.00,-39.65,0.00,44.94,44.94,0.00
"LSR@","SR.PIPIAN VERDE","PRODU","","",1000.00,-2.34,0.00,50.99,50.99,0.00
"LSRA","SR.HUEVO ESTRELLADO","PRODU","","",1.00,0.00,0.00,3.86,3.86,0.00
"LSRB","SR.RAJAS POBLANAS","PRODU","","",1000.00,-32.47,0.00,0.00,0.00,0.00
"LSRC","SR.AGUACHILE ROJO","PRODU","","",1000.00,-10.85,0.00,59.01,59.01,0.00
"LSRD","SR.SALSA ROJA","PRODU","","",400.00,0.66,0.00,30.83,30.83,0.00
"LSRE","SR.SUADERO","PRODU","","",1000.00,-129.41,0.00,163.88,163.88,0.00
"LSRF","SR.SOPA DE TORTILLA","PRODU","","",1500.00,15.00,0.00,20.64,20.64,0.00
"LSRG","SR.SALSA PONZU","PRODU","","",850.00,-33.94,0.00,83.47,83.47,0.00
"LSRH","SR.JUGO DE CARNE","PRODU","","",1500.00,-12.00,0.00,137.30,137.30,0.00
"LSRI","SR.CREMA ROJA CHAPULINES","PRODU","","",600.00,-3.02,0.00,180.55,180.55,0.00
"LSRJ","SR.LENGUA DE RES","PRODU","","",800.00,0.00,0.00,257.87,257.87,0.00
"LSRK","SR.JARDIN","PRODU","","",1000.00,-42.18,0.00,1.41,1.41,0.00
"LSRL","SR.FRIJOLES REFRITOS","PRODU","","",1000.00,-166.87,0.00,31.41,31.41,0.00
"LSRM","SR.CALDILLO FRIJOL","PRODU","","",1000.00,-4.09,0.00,56.35,56.35,0.00
"LSRN","SR.AJO FRITO","PRODU","","",400.00,-24.19,0.00,44.16,44.16,0.00
"LSRO","SR.CHICHARRON GUAJILLO","PRODU","","",1500.00,-2.52,0.00,105.94,105.94,0.00
"LSRP","SR.SALSA HABAS HABANE","PRODU","","",1000.00,-116.76,0.00,1.95,1.95,0.00
"LSRQ","SR.TINGA RES","PRODU","","",1000.00,0.00,0.00,112.82,112.82,0.00
"LSRR","SR.SALSA ROJA","PRODU","","",400.00,-247.42,0.00,30.83,30.83,0.00
"LSRS","SR.CREMOSO AGUACATE","PRODU","","",1350.00,-110.04,0.00,59.29,59.29,0.00
"LSRT","SR.SALPICON RES","PRODU","","",1000.00,0.00,0.00,65.95,65.95,0.00
"LSRU","SR.MILANESA POLLO","PRODU","","",1000.00,-28.20,0.00,23.00,23.00,0.00
"LSRV","SR.ENSALADA","PRODU","","",1.00,-4860.00,0.00,2.20,2.20,0.00
"LSRW","SR.PIERNA HORNO","PRODU","","",1000.00,-50.24,0.00,120.21,120.21,0.00
"LSRX","SR.ENSALADA PAPAYA","PRODU","","",1000.00,0.00,0.00,11.41,11.41,0.00
"LSRY","SR.CHILAQUILES NEGROS","PRODU","","",1000.00,0.00,0.00,40.78,40.78,0.00
"LSRZ","SR.ENMOLADA","PRODU","","",1000.00,-1.03,0.00,6.48,6.48,0.00
"LSR[","SR.ADEREZO CILANTRO","PRODU","","",1000.00,0.40,0.00,0.00,0.00,0.00
"LSR\","SR.CEVICHE FILETE","PRODU","","",350.00,0.00,0.00,61.62,61.62,0.00
"LSR]","SR.TLACOYOS","PRODU","","",1000.00,-25.86,0.00,24.82,24.82,0.00
"LSR^","SR.NATILLA GUAYABA","PRODU","","",700.00,0.00,0.00,39.57,39.57,0.00
"LSR_","SR.CEBOLLA ENCURTIDA","PRODU","","",1000.00,-27.19,0.00,30.56,30.56,0.00
"LSRa","SR.TACOS SESOS","PRODU","","",3.00,-53.47,0.00,9.78,9.78,0.00
"LSRb","SR.CALDO ECHILOSO POLLO","PRODU","","",1000.00,0.00,0.00,101.36,101.36,0.00
"LSRc","SR.CARNITAS CHAMORRO","PRODU","","",1000.00,-15.12,0.00,79.81,79.81,0.00
"LSRd","SR.SALSA ARBOL","PRODU","","",1000.00,-0.71,0.00,165.26,165.26,0.00
"LSRe","SR.BACALAO","PRODU","","",1500.00,0.00,0.00,305.79,305.79,0.00
"LSRf","SR.CHICHARRON PRENSADO","PRODU","","",600.00,0.00,0.00,76.90,76.90,0.00
"LSRg","SR.SALSA VERDE TAQUERA","PRODU","","",1000.00,0.00,0.00,21.71,21.71,0.00
"LSRh","SR.CALDO CAMARON","PRODU","","",4000.00,0.00,0.00,82.07,82.07,0.00
"LSRi","SR.SALSA AGUACATADA","PRODU","","",700.00,-68.03,0.00,24.08,24.08,0.00
"LSRj","SR.CREMA DE CHIPOTLE","PRODU","","",700.00,-3.13,0.00,40.32,40.32,0.00
"LSRk","SR.LECHUGAS MIXTAS","PRODU","","",1000.00,0.00,0.00,0.00,0.00,0.00
"LSRl","SR.ADEREZO DURAZNO","PRODU","","",500.00,0.20,0.00,34.07,34.07,0.00
"LSRm","SR.SALSA CHIPOTLE","PRODU","","",700.00,-31.08,0.00,29.18,29.18,0.00
"LSRn","SR.FRIJOLES OLLA","PRODU","","",1000.00,-121.52,0.00,30.33,30.33,0.00
"LSRo","SR.CHAMORRO","PRODU","","",800.00,0.00,0.00,67.27,67.27,0.00
"LSRp","SR.SALSA VERDE VERDO","PRODU","","",700.00,0.00,0.00,30.82,30.82,0.00
"LSRq","SR.ALIOLI DE COLIFLOR","PRODU","","",150.00,-32.80,0.00,13.34,13.34,0.00
"LSRr","SR.MOLE POBLANO","PRODU","","",1000.00,-2.55,0.00,87.66,87.66,0.00
"LSRs","SR.SALSA VERDE","PRODU","","",1000.00,-113.68,0.00,23.47,23.47,0.00
"LSRt","SR.CALDILLO JITOMATE","PRODU","","",800.00,0.00,0.00,16.99,16.99,0.00
"LSRu","SR.TARTARA FILETE RES","PRODU","","",350.00,0.00,0.00,90.32,90.32,0.00
"LSRv","SR.HUAZONTLES","PRODU","","",700.00,0.00,0.00,52.76,52.76,0.00
"LSRw","SR.FLAN","PRODU","","",700.00,-33.86,0.00,72.88,72.88,0.00
"LSRx","SR.ADOBO","PRODU","","",1000.00,-37.46,0.00,71.35,71.35,0.00
"LSRy","SR.GUACAMOLE","PRODU","","",1200.00,-102.91,0.00,35.86,35.86,0.00
"LSRz","SR.AGUACHILE AMARILLO","PRODU","","",600.00,-30.40,0.00,57.90,57.90,0.00
"LSR{","SR.MIXIOTE","PRODU","","",1.00,0.00,0.00,204.80,204.80,0.00
"LSR|","SR.SEMILLAS MIXTAS","PRODU","","",1000.00,0.00,0.00,42.21,42.21,0.00
"LSR}","SR.ENCEBOLLADO","PRODU","","",1000.00,0.00,0.00,11.78,11.78,0.00
"LSR~","SR.SALSA VERDE CRUDA","PRODU","","",500.00,-10.56,0.00,13.75,13.75,0.00
"LSR","SR.POZOLE","PRODU","","",150.00,0.00,0.00,555.92,555.92,0.00
"LSR","SR.SALSA XNIPEC","PRODU","","",500.00,-8.45,0.00,16.98,16.98,0.00
"LSR","SR.AGUACHILE VERDE","PRODU","","",1000.00,-99.49,0.00,6.27,6.27,0.00
"LSR","SR.PICO POLLITO","PRODU","","",1000.00,0.00,0.00,33.82,33.82,0.00
"LSR","SR.REDUCCION BALSAMICO","PRODU","","",1000.00,-2.50,0.00,53.35,53.35,0.00
"LSR","SR.CALDITO DE BIRRIA","PRODU","","",1000.00,0.00,0.00,104.88,104.88,0.00
"LSR","SR.PURE PLATANO MACHO","PRODU","","",1000.00,-3.40,0.00,20.62,20.62,0.00
"LSR","SR.GELATINA ROMPOPE","PRODU","","",1000.00,-11.69,0.00,59.99,59.99,0.00
"LSR","SR.PESTO DE CILANTRO","PRODU","","",1000.00,-6.90,0.00,177.86,177.86,0.00
"LSR","SR.POLVO DE CHILES","PRODU","","",1000.00,-0.43,0.00,59.75,59.75,0.00
"LSR","SR.FRITURAS DE PLATANO","PRODU","","",200.00,0.00,0.00,2.11,2.11,0.00
"LSR","SR.AJILLO","PRODU","","",1000.00,-12.80,0.00,71.88,71.88,0.00
"MEPD","PAL DOLOR","MEZCA","ML","",750.00,2.05,0.00,1.00,0.00,16.00
"LSR","SR.SALSA ENDIABLADA","PRODU","","",200.00,0.00,0.00,14.40,14.40,0.00
"LSR","SR.CEBOLLAS CAJUN C/LIMO","PRODU","","",300.00,-182.99,0.00,27.18,27.18,0.00
"LSR","SR.PICO AGUACATE","PRODU","","",100.00,-479.37,0.00,5.01,5.01,0.00
"LSR","SR.CHILE/CEBOLLA TOREADAS","PRODU","","",150.00,-152.10,0.00,10.56,10.56,0.00
"LSR","SR.QUESO FUNDIDO","PRODU","","",300.00,0.00,0.00,12.00,12.00,0.00
"E)90","CHORIZO SONORAS","CARNE","GR","",1000.00,0.00,0.00,180.00,0.00,0.00
"A190","MAZAPAN","ABARR","PZ","",20.00,0.00,0.00,70.09,70.08,0.00
"A194","MOLE EN PASTA","ABARR","GR","",1000.00,0.00,0.00,1.00,0.00,0.00
"C091","LONGANIZA","CARNE","GR","",1000.00,2.20,0.00,64.00,64.00,0.00
"LSR","SR.ADEREZO CEBOLLA/JALAPE","PRODU","","",300.00,-22.72,0.00,15.57,15.57,0.00
"VTMT","MARIA TINTO","VINOS","ML","",750.00,2.00,0.00,494.66,494.66,16.00
"LSR","SR.GORDITAS RELLENAS","PRODU","","",1.00,0.00,0.00,15.38,15.38,0.00
"WHBB","BLACK BUSH","WHISK","ML","",750.00,1.14,0.00,464.35,347.18,16.00
"LSR","SR.SPAGUETI BCO","PRODU","","",100.00,-89.00,0.00,5.92,5.92,0.00
"LSR","SR.SETAS AL AJILLO","PRODU","","",150.00,-65.02,0.00,8.36,8.36,0.00
"LSR","SR.ARRACHERA EMPANIZADA","PRODU","GR","",200.00,-74.25,0.00,66.64,66.64,0.00
"LSR","SR.BIRRIA","PRODU","","",1000.00,0.97,0.00,386.35,386.35,0.00
"LSR","SR.DIP FRIJOLES C/CHIPOTL","PRODU","","",700.00,0.00,0.00,12.45,12.45,0.00
"LSR","SR.DIP AGUACATE C/CILANTR","PRODU","","",200.00,0.00,0.00,12.33,12.33,0.00
"LSR","SR.TLALITOS ADOBADOS","PRODU","","",150.00,0.00,0.00,15.82,15.82,0.00
"LSR","SR.SALSA DE FRIJOL","PRODU","","",300.00,0.00,0.00,4.73,4.73,0.00
"LSR","SR.PAPAS TOREADAS","PRODU","","",250.00,0.00,0.00,12.61,12.61,0.00
"LSR","MANTEQUILLA DE CHILE","PRODU","","",100.00,0.00,0.00,20.19,20.19,0.00
"PM50","FILETE DE CASON","MARIS","GR","",1000.00,0.00,0.00,295.00,148.00,0.00
"AGS%","SOLAN DE CABRAS 50OML","BEBID","PZ","",1.00,0.00,0.00,33.00,0.00,0.00
"AGS!","SOLAN DE CABRAS 1 LT","BEBID","PZ","",1.00,0.00,0.00,43.00,0.00,16.00
"LSR`","SR.BISCOCHO CHOCOLATE","PRODU","","",1000.00,-67.22,0.00,74.91,74.91,0.00
"LSR","SR.COMPOTA PLATANO","PRODU","","",350.00,-18.33,0.00,17.01,17.01,0.00
"LSR","SR.COMPOTA FRAMBUESA","PRODU","","",500.00,-12.94,0.00,20.21,20.21,0.00
"LSR","SR.SOLETA","PRODU","","",200.00,-6.25,0.00,11.86,11.86,0.00
"LSR","SR.CREMA MARACUYA","PRODU","","",750.00,-19.80,0.00,21.00,21.00,0.00
"LSR","SR.JALEA COCO","PRODU","","",500.00,-6.50,0.00,13.52,13.52,0.00
"LSR","SR.CREMA CHOCOLATE","PRODU","","",3000.00,-12.55,0.00,277.30,277.30,0.00
"LSR","SR.SALSA VAINILLA","PRODU","","",1200.00,-11.55,0.00,85.29,85.29,0.00
"LSR","SR.JAIBA MEXICANA","PRODU","","",150.00,0.00,0.00,25.17,25.17,0.00
"LSR","SR.CREMA CAMARON/CHILE","PRODU","","",300.00,0.00,0.00,34.14,34.14,0.00
"LSR","SR.SALSA MACHA","PRODU","","",300.00,-448.98,0.00,33.37,33.37,0.00
"LSR","SR.CHAMPI;ONES A LA CREMA","PRODU","","",100.00,-179.20,0.00,4.11,4.11,0.00
"LSR","SR.PANUCHOS","PRODU","","",1500.00,0.00,0.00,18.97,18.97,0.00
"LSR","SR.COCHINITA PIBIL","PRODU","","",1000.00,-11.28,0.00,106.57,106.57,0.00
"LSR","SR.CAMARONES ENCHIPOTLADO","PRODU","","",250.00,-35.52,0.00,57.88,57.88,0.00
"LSR","SR.SALSA PASTOR","PRODU","","",400.00,0.00,0.00,11.20,11.20,0.00
"LSR","SR.PAPA AL ALIOLI","PRODU","","",200.00,-21.50,0.00,15.91,15.91,0.00
"LSR","SR.RELLENO DE CAMARON","PRODU","","",250.00,-0.40,0.00,32.13,32.13,0.00
"LSR","SR.VERDURAS VAPOR","PRODU","","",100.00,-0.50,0.00,1.44,1.44,0.00
"LSR","SR.PESCADO EMPANIZADO","PRODU","","",1000.00,0.00,0.00,404.11,404.11,0.00
"LSR","SR.QUESADILLA INFANTIL","PRODU","","",1.00,0.00,0.00,2.68,2.68,0.00
"LSR","SR.CHICHARRON DE PULPO","PRODU","","",1000.00,0.00,0.00,179.02,179.02,0.00
"LSR","SR.TARTARA DE HABANERO","PRODU","","",200.00,-2.88,0.00,4.67,4.67,0.00
"EJOT","EJOTE","VERDU","GR","",1000.00,0.00,0.00,18.00,19.10,0.00
"LSR","SR.MENU 1 COMIDA CORRIDA","PRODU","","",1.00,0.00,0.00,16.05,16.05,0.00
"LSR","SR.CREMA DE CALABAZA","PRODU","","",1500.00,0.00,0.00,20.90,20.90,0.00
"RERE","RETAZO DE RES","CARNE","GR","",1000.00,0.00,0.00,88.00,89.41,0.00
"ACEL","ACELGA","VERDU","GR","",1000.00,0.00,0.00,20.00,0.00,0.00
"CHAY","CHAOYOTE","VERDU","GR","",1000.00,0.00,0.00,43.00,33.60,0.00
"LSR","SR.SOPA VERDURAS","PRODU","","",1100.00,0.00,0.00,56.47,56.47,0.00
"CODI","CODILLO","CARNE","GR","",1000.00,0.00,0.00,1.00,0.00,0.00
"JAIB","JAIBA","MARIS","GR","",1000.00,0.00,0.00,1.00,0.00,0.00
"COCE","COSTILLA CERDO CARGADA","CARNE","GR","",1000.00,0.00,0.00,225.00,190.75,0.00
"FIPE","FILETE DE PESACADO","MARIS","GR","",1000.00,0.00,0.00,240.00,147.00,0.00
"LI4O","LICOR 43 OROCHATA","LICOR","ML","",750.00,2.13,0.00,316.94,242.13,16.00
"TERR","RESERVA FAM.REPOSADO","TEQUI","ML","",750.00,2.02,0.00,901.68,451.34,16.00
"WHBS","BUSHMILLS BLACK BUSH","WHISK","ML","",750.00,0.00,0.00,1.00,0.00,0.00
"MEUN","UNION JOVEN","MEZCA","ML","",700.00,1.03,0.00,302.20,298.72,16.00
"ROBE","ROAST BEEF","CARNE","GR","",1000.00,0.00,0.00,140.00,140.00,0.00
"CAPA","CARNE P/ASAR","CARNE","GR","",1000.00,0.00,0.00,140.00,140.00,0.00
"LSR","SR.SALSA VENENO","PRODU","","",1000.00,-0.98,0.00,125.80,125.80,0.00
"P100","MOJARRA","MARIS","GR","",1000.00,0.00,0.00,60.00,60.00,0.00
"LSR","SR.ADEREZO CHILE ANCHO","PRODU","","",1000.00,-3.22,0.00,34.93,34.93,0.00
"LSR","SR.FRITURA PORO","PRODU","","",1000.00,-16.10,0.00,33.93,33.93,0.00
"C200","PORCK BELLY","CARNE","GR","",1000.00,0.00,0.00,380.00,364.83,0.00
"LSR","SR.SALSA DE CHORIZO","PRODU","","",1000.00,-71.30,0.00,79.76,79.76,0.00
"C201","ARRACHERA NACIONAL","CARNE","GR","",1000.00,-0.40,0.00,165.00,164.85,0.00
"LSR","SR.ADEREZO LIMON","PRODU","","",500.00,-27.80,0.00,40.78,40.78,0.00
"LSR","SR.PAPAS AJILLO","PRODU","","",250.00,-59.20,0.00,12.58,12.58,0.00
"LSR","SR.SALSA QUESO","PRODU","","",1400.00,-19.63,0.00,50.47,50.47,0.00
"LSR","SR.ESQUITES","PRODU","","",10000.0,3.73,0.00,537.19,537.19,0.00
"LSR","SR.PURE PAPA","PRODU","","",1200.00,-17.49,0.00,39.32,39.32,0.00
"LSR","SR.PECHUGA ASADA","PRODU","","",1000.00,-24.00,0.00,74.18,74.18,0.00
"LSR","SR.OREJONA EMPANIZADA","PRODU","","",1000.00,-14.00,0.00,87.73,87.73,0.00
"A900","MERMELADA DE NARANJA","ABARR","GR","",1000.00,0.00,0.00,57.00,0.00,0.00
"LSR","SR.ARROZ C/LECHE","PRODU","","",1500.00,-11.08,0.00,60.06,60.06,0.00
"LSR","SR.CARAMELO FRESA","PRODU","","",1000.00,-3.14,0.00,43.68,43.68,0.00
"LSR","SR.GALLETA NARANJA","PRODU","","",1000.00,-2.49,0.00,83.98,83.98,0.00
"CEA9","ODULS S/ALCOHOL","CERVE","ML","",355.00,0.00,0.00,8.90,0.00,0.00
"PM25","SURIMI","MARIS","GR","",1000.00,0.30,0.00,98.00,49.50,0.00
"A155","MANDARINA GAJO","ABARR","GR","",410.00,0.00,0.00,32.00,32.00,0.00
"LSR","SR.ADEREZO TARTARO","PRODU","","",860.00,-2.85,0.00,45.25,45.25,0.00
"LSR","SR.ADEREZO TORTILLA","PRODU","","",850.00,-1.95,0.00,67.23,67.23,0.00
"FR90","PERA","VERDU","GR","",1000.00,0.00,0.00,60.00,56.94,0.00
"A170","MIEL DE ABEJA","ABARR","GR","",1050.00,1.00,0.00,96.95,75.85,0.00
"LSR","SR.ADEREZO MOSTAZA Y MIEL","PRODU","","",1000.00,-0.53,0.00,69.95,69.95,0.00
"LSR","SR.ESFERAS NUEZ","PRODU","","",1000.00,-1.00,0.00,203.19,203.19,0.00
"LSR","SR.ESFERAS PISTACHE","PRODU","","",1000.00,-1.00,0.00,243.47,243.47,0.00
"LSR","ANEXO ENSLADA JIMENEZ","PRODU","","",1.00,-50.00,0.00,3.09,3.09,0.00
"A178","NUEZ GARAPI;ADA","ABARR","GR","",1000.00,0.00,0.00,280.00,281.89,0.00
"LSR","SR.ATUN CAJUN","PRODU","","",1.00,-12.00,0.00,14.00,14.00,0.00
"MEC%","CONVITE ENS.5 GAVES","MEZCA","ML","",700.00,1.13,0.00,950.00,0.00,16.00
"MEEM","VONVITE ENS.EPADIN MADRE","MEZCA","ML","",750.00,0.00,0.00,541.00,0.00,16.00
"MECT","CONVITE TOBALA","MEZCA","ML","",700.00,1.12,0.00,875.00,875.00,0.00
"MECE","CONVITE ENS.ESAPDIN","MEZCA","ML","",700.00,2.11,0.00,492.20,516.60,16.00
"VOPU","PUR VODKA ULTRA PRMIUM","VODKA","ML","",750.00,2.00,0.00,1.00,0.00,16.00
"TEAP","ALTOS PLATA","TEQUI","ML","",750.00,2.00,0.00,1.00,0.00,16.00
"TEAR","ALTOS REPOSADO","TEQUI","ML","",750.00,3.15,0.00,290.73,145.87,16.00
"MEUV","UNION VIEJO","MEZCA","ML","",750.00,2.08,0.00,510.34,445.26,16.00
"ME4R","400 CONEJOS REPOSADO","MEZCA","ML","",750.00,3.03,0.00,442.24,442.24,16.00
"AQVL","VELVET LYCHEE","BEBID","PZ","",1.00,9.00,0.00,22.10,11.55,0.00
"QQVP","VELVET POMELO","BEBID","PZ","",1.00,21.00,0.00,22.10,16.82,0.00
"AQVG","VELVET GUANABANA","BEBID","PZ","",1.00,17.00,0.00,1.00,0.00,0.00
"LIRN","ROMANA SAMBUCA NERO","LICOR","ML","",700.00,1.00,0.00,1.00,0.00,16.00
"LIRB","ROMANA SAMBUCA BIANCO","LICOR","ML","",700.00,1.00,0.00,1.00,0.00,16.00
"CECA","CUCAPA AMBAR","CERVE","PZ","",1.00,16.00,0.00,19.83,15.12,16.00
"CECC","CUCAPA CLASICA","CERVE","PZ","",1.00,39.00,0.00,19.83,15.12,16.00
"CECB","CUCAPA OBSCURA","CERVE","PZ","",1.00,31.00,0.00,19.83,17.47,16.00
"VOSZ","SMIRNOFF MANZANA ELEC","VODKA","ML","",750.00,2.14,0.00,115.00,0.00,16.00
"VOSO","SMIRNOFF MORA LECTRIC","VODKA","ML","",750.00,3.03,0.00,182.63,148.82,16.00
"AGZO","ZOE AGUA","BEBID","PZ","",1.00,27.00,0.00,12.67,9.75,0.00
"PM24","SALMON FRESCO","MARIS","GR","",1000.00,1.81,0.00,295.00,221.25,0.00
"A142","JOCOQUE","LACTE","ML","",1000.00,0.00,0.00,180.00,180.00,0.00
"A752","VINO ROSADO","ABARR","ML","",750.00,0.00,0.00,493.83,348.85,16.00
"L010","QUESO CAMEMBERT","LACTE","GR","",1000.00,0.00,0.00,101.00,102.16,0.00
"L027","QUES ROQUEFORT","LACTE","GR","",1000.00,0.00,0.00,198.00,198.00,0.00
"L028","YOGURTH","LACTE","GR","",1000.00,0.00,0.00,23.90,23.65,0.00
"A002","ACEITE DE AJONJOLI","ABARR"," M","",1000.00,1.00,0.00,60.00,59.97,0.00
"LSR","SR.LECHON P/FIDEO Y TACO","PRODU","","",6700.00,-4.56,0.00,2278.92,2278.92,0.00
"C025","BRISKET DE RES","CARNE","GR","",1000.00,0.00,0.00,165.45,162.18,0.00
"P014","MALLET DE RES","CARNE","GR","",1000.00,0.00,0.00,140.00,140.07,0.00
"PM88","CURBINA","MARIS","GR","",1000.00,0.00,0.00,1.00,0.00,0.00
"L100","QUESO RICOTA","LACTE","GR","",1000.00,0.00,0.00,79.00,128.15,0.00
"L200","QUESO HUMBOLDT","LACTE","GR","",1000.00,0.00,0.00,1.00,0.00,0.00
"A650","BOLSA ALTO VACIO","ABARR","PZ","",1.00,0.00,0.00,6.70,6.10,0.00
"LSR","SR.BRISCKET","PRODU","","",1000.00,-4.56,0.00,172.07,172.07,0.00
"LSR","SR.MOLE DE CHILACA","PRODU","","",5000.00,-0.42,0.00,192.28,192.28,0.00
"MO19","PAMPANO ENTERO FRESCO","MARIS","GR","",1000.00,1.45,0.00,240.00,247.43,0.00
"WHD5","DALMORE 15","WHISK","ML","",700.00,1.00,0.00,1658.41,0.00,0.00
"WHD8","DALMORE 18","WHISK","ML","",750.00,1.00,0.00,3105.81,0.00,0.00
"WHJ6","JURA DIUARCH 16","WHISK","ML","",700.00,1.00,0.00,1127.58,0.00,0.00
"WHJ1","JURA ORIGIN 10","WHISK","ML","",700.00,1.00,0.00,724.21,0.00,0.00
"WHJP","JURA PROPHECY SINGLE MALT","WHISK","ML","",700.00,1.00,0.00,1405.60,0.00,0.00
"WHJU","JURA SUPERSTITION","WHISK","ML","",700.00,1.00,0.00,898.35,0.00,16.00
"LIDS","CHINCHON SEMIDULCE","LICOR","ML","",1000.00,2.15,0.00,184.48,199.24,16.00
"TE1B","1800 BLANCO","TEQUI","ML","",700.00,4.06,0.00,268.62,274.00,16.00
"TEOR","ORENDAIN REPOSADO","TEQUI","ML","",750.00,0.00,0.00,1.00,0.00,16.00
"TEOO","ORENDAIN OLLITAS","TEQUI","ML","",750.00,0.00,0.00,1.00,0.00,16.00
"WHD2","DALMORE 12","WHISK","ML","",700.00,1.10,0.00,922.97,461.99,16.00
"WHG1","GLENFIDICH 15","WHISK","ML","",750.00,3.02,0.00,918.10,459.55,16.00
"WHNO","NOMAD","WHISK","ML","",700.00,1.00,0.00,1.00,0.00,16.00
"WHM5","MACALLAN 15","WHISK","ML","",700.00,1.00,0.00,1.00,0.00,16.00
"WHMA","MACALLAN AMBER","WHISK","ML","",700.00,1.00,0.00,1.00,0.00,16.00
"WHMK","MACALLAN RARE CASK","WHISK","ML","",700.00,0.00,0.00,1.00,0.00,16.00
"MEPM","PELOTON DE LA MUERTE","MEZCA","ML","",700.00,2.08,0.00,276.81,207.86,16.00
"CEBU","BUDWISER","CERVE","PZ","",24.00,24.88,0.00,11.75,6.37,16.00
"MECR","CREYENTE MEZCAL","MEZCA","ML","",700.00,2.15,0.00,498.28,249.64,16.00
"GICT","CITADELLE","GINEB","","",750.00,1.00,0.00,1.00,0.00,16.00
"ME7D","SIETE MISTERIOS DOBA","MEZCA","ML","",750.00,1.00,0.00,1.00,0.00,16.00
"ME7E","SIETE MISTERIOS ESPADIN","MEZCA","ML","",750.00,1.16,0.00,1.00,0.00,16.00
"ROF8","FLOR DE CANA 18","REFRE","ML","",700.00,0.00,0.00,1.00,0.00,0.00
"GIBM","BOODLES MULBERRY","GINEB","ML","",750.00,0.00,0.00,1.00,0.00,0.00
